xmin,xmax,xmin_score,xmax_score,iou_score
0.525,0.5650000000000001,1.0,1.0,0.7862646
0.745,0.785,1.0,1.0,0.7862673
0.855,0.895,0.007729103323072195,3.890648804372177e-05,0.044815842
0.375,0.415,1.551460515614167e-09,1.0,0.04710948
0.305,0.34500000000000003,2.161162582225984e-09,0.00023506900470238184,0.04465023
0.895,0.935,3.890648804372177e-05,2.7471358427732554e-23,0.044653565
0.215,0.255,5.517661726930675e-23,7.2206394509388705e-12,0.04465021
0.025,0.065,1.264223805301135e-16,3.553605385576248e-24,0.04465019
0.005,0.045,0.0,7.901341247951168e-10,0.04465023
