xmin,xmax,xmin_score,xmax_score,iou_score
0.07500000000000001,0.125,1.0,4.442592263032355e-14,0.044149075
0.375,0.415,0.00012221059296280146,1.7138692071780512e-15,0.04465023
0.105,0.155,3.546460458636602e-09,4.932611610830584e-12,0.04455841
0.325,0.375,3.4332637558548296e-17,0.00012221059296280146,0.04465161
0.195,0.235,5.3627485614184716e-17,1.730188330384408e-07,0.04465023
0.155,0.195,4.932611610830584e-12,5.3627485614184716e-17,0.04465023
0.8250000000000001,0.875,5.69415590234712e-07,5.228706002310689e-29,0.044650156
0.005,0.055,5.3328270413189556e-30,2.015847775163615e-12,0.42758843
