xmin,xmax,xmin_score,xmax_score,iou_score
0.885,0.925,0.9887542724609376,0.989491045475006,0.044600036
0.935,0.985,0.9258340001106262,1.0,0.78986114
0.135,0.17500000000000002,1.0,1.4083350681269505e-28,0.04465023
0.525,0.5650000000000001,3.750910494612061e-15,1.6071032717452678e-16,0.04465023
0.595,0.635,9.167026188373843e-25,4.034443785994046e-12,0.04465023
0.805,0.855,2.716031184227461e-31,9.146783885860543e-10,0.044650238
