xmin,xmax,xmin_score,xmax_score,iou_score
0.715,0.755,1.0,1.0,0.7862634
0.595,0.635,1.0,0.00034105140366591513,0.04465021
0.915,0.955,8.940392371738215e-13,0.999818742275238,0.04710946
0.035,0.07500000000000001,1.783953030871227e-13,1.4557340888288195e-09,0.04465023
0.365,0.405,1.7777887485975839e-16,1.0820189326562472e-19,0.04465023
