xmin,xmax,xmin_score,xmax_score,iou_score
0.095,0.135,1.0,0.9125264883041382,0.7862609
0.135,0.17500000000000002,0.9125264883041382,1.7895008479399476e-21,0.042738445
0.005,0.045,4.329840319291547e-14,3.619419217462672e-12,0.04465023
