xmin,xmax,xmin_score,xmax_score,iou_score
0.095,0.135,1.0,1.0,0.7862548
0.245,0.28500000000000003,0.9995187520980836,0.9999798536300659,0.78594625
0.845,0.885,1.2201295746319674e-12,3.3009869184752465e-06,0.04465034
0.735,0.775,8.78860265812742e-12,7.216998665349195e-10,0.04465023
0.605,0.645,3.0780430648746915e-08,2.996769024881004e-14,0.04465023
0.435,0.475,4.113274323469357e-14,1.3215751091405232e-14,0.044650644
