xmin,xmax,xmin_score,xmax_score,iou_score
0.105,0.14500000000000002,1.0,0.9999998807907104,0.7862675
0.055,0.095,9.270084255774691e-09,1.0,0.0446002
0.225,0.265,2.3489838180519875e-19,1.0,0.04465023
