xmin,xmax,xmin_score,xmax_score,iou_score
0.165,0.205,0.007297979202121495,7.438971039164244e-08,0.046134926
0.185,0.225,1.0594090882332094e-10,5.825527837899357e-10,0.044640902
0.585,0.625,3.536413487381652e-06,1.4063633189189155e-15,0.049608447
0.365,0.405,5.400121539170244e-13,5.5581770297408176e-09,0.044650238
0.735,0.775,0.8645218014717102,1.323866549290422e-28,0.042734884
0.915,0.955,5.324314274835238e-36,2.629337814141764e-07,0.04465023
