xmin,xmax,xmin_score,xmax_score,iou_score
0.165,0.205,1.0,0.9999998807907104,0.7569025
0.005,0.045,6.136310598746876e-16,1.9273146634191107e-08,0.04465023
0.095,0.135,2.007937592708377e-17,3.584037884873022e-21,0.04465023
