xmin,xmax,xmin_score,xmax_score,iou_score
0.125,0.165,0.9998229146003724,1.0,0.7862488
