xmin,xmax,xmin_score,xmax_score,iou_score
0.045,0.085,1.0,1.0,0.7862675
0.515,0.555,1.0,1.0,0.7858851
0.845,0.885,1.0,1.0,0.7862675
0.585,0.625,6.548070359713165e-06,8.766303949414578e-08,0.04465023
0.365,0.405,0.15483495593070984,1.3241071650585412e-12,0.04465023
0.225,0.265,3.2189375609448234e-09,4.3019381337217055e-06,0.04465021
0.715,0.755,1.1814436928769823e-10,1.582324965498927e-10,0.044650394
0.005,0.045,8.470318781505582e-26,1.0,0.047110572
