xmin,xmax,xmin_score,xmax_score,iou_score
0.155,0.195,1.0,1.0,0.5990415
0.105,0.14500000000000002,0.0013192626647651196,1.0,0.044599
0.015,0.055,1.3421827939428393e-13,4.174184448713493e-26,0.04465023
