xmin,xmax,xmin_score,xmax_score,iou_score
0.875,0.915,1.0,0.9999840259552002,0.5962809
0.375,0.415,2.170021070924122e-05,1.0,0.047112133
0.035,0.07500000000000001,0.7244577407836914,3.116401785518974e-06,0.04530813
0.775,0.8150000000000001,1.1821145191187599e-12,2.797457732128805e-08,0.25085494
