xmin,xmax,xmin_score,xmax_score,iou_score
0.125,0.165,1.0,0.9880181550979614,0.7636136
0.025,0.065,2.8589013684079772e-16,4.926559507567596e-11,0.04465023
0.005,0.045,0.0,1.8155107256288437e-15,0.04465023
