xmin,xmax,xmin_score,xmax_score,iou_score
0.745,0.785,1.0,1.0,0.7862675
0.525,0.5650000000000001,4.2814325418305535e-09,0.007088733371347189,0.22130086
0.665,0.7050000000000001,6.071233542570553e-07,1.7646152594696931e-10,0.04465023
0.235,0.275,1.3253631048551484e-12,2.09072732104687e-06,0.04465029
0.485,0.525,7.781712774157512e-12,4.2814325418305535e-09,0.04465023
0.625,0.665,1.1870151650061052e-19,6.071233542570553e-07,0.04465023
0.605,0.645,3.8071378018604647e-19,1.5958139757549228e-12,0.04465023
0.005,0.045,0.0,6.365219746840012e-07,0.04465099
