xmin,xmax,xmin_score,xmax_score,iou_score
0.015,0.055,1.0,1.0,0.59047025
0.585,0.625,0.9878815412521362,0.9999997615814208,0.7862675
0.315,0.35500000000000004,0.14090251922607422,4.668301301080646e-08,0.044650972
0.655,0.6950000000000001,1.1247140024872593e-10,6.107457738835365e-05,0.06396306
0.905,0.945,0.9997671246528624,1.639257039469735e-16,0.20482396
0.005,0.045,8.061656044132803e-32,1.0,0.6497639
