xmin,xmax,xmin_score,xmax_score,iou_score
0.055,0.095,0.9893524646759032,9.940362133420422e-07,0.043984544
0.905,0.945,1.1970265375433038e-14,0.9999992847442628,0.044601824
0.015,0.055,1.0854358759731805e-15,0.9893524646759032,0.40182066
0.235,0.275,4.736254621334181e-18,0.0001997394865611568,0.08905638
0.755,0.795,8.343075674765997e-10,7.788471051930589e-19,0.04465023
0.775,0.8150000000000001,1.4050481613019606e-17,1.5004800719520088e-14,0.04465023
0.795,0.8350000000000001,7.788471051930589e-19,3.411203179790285e-17,0.04465023
0.005,0.045,0.0,0.8216162323951721,0.6556237
