xmin,xmax,xmin_score,xmax_score,iou_score
0.065,0.105,1.0,1.0,0.7862675
0.635,0.675,0.9999992847442628,1.0,0.7862675
0.105,0.14500000000000002,1.0,1.4380341535613628e-12,0.042738084
0.015,0.055,4.253135235079215e-19,1.0,0.044599
0.165,0.205,8.959738551084229e-08,1.0806882430689302e-16,0.064945534
0.235,0.275,1.285619560028456e-13,2.858422049403786e-12,0.04465023
0.515,0.555,1.6777097408521696e-22,3.230155181270599e-17,0.04465021
