xmin,xmax,xmin_score,xmax_score,iou_score
0.935,0.985,0.9998249411582948,1.0,0.6606236
0.015,0.055,0.9994373917579652,1.0,0.7862675
0.425,0.465,1.0332929173753611e-12,9.910897379476408e-14,0.04465023
0.545,0.595,9.726083599528174e-14,3.8422437703255347e-14,0.04465023
0.215,0.255,1.1027210394809472e-10,7.86253701077374e-18,0.04465023
0.895,0.935,9.007061834362144e-31,0.9998249411582948,0.04711297
0.305,0.34500000000000003,6.833027964046639e-23,1.1078168411912323e-13,0.044650238
