xmin,xmax,xmin_score,xmax_score,iou_score
0.155,0.195,1.2660874630735517e-15,2.3883831801185806e-08,0.04465029
0.375,0.415,2.4394451299460957e-20,7.826621185813565e-06,0.04465023
