xmin,xmax,xmin_score,xmax_score,iou_score
0.195,0.235,1.0,1.0,0.7862675
0.745,0.785,1.0,1.0,0.78623503
0.005,0.045,1.0,4.340241360756281e-11,0.04465023
0.915,0.955,9.84346915089418e-09,5.565111704797232e-10,0.22521664
0.515,0.555,2.8950217331909216e-14,1.6437007843705942e-07,0.04487975
0.295,0.335,3.6361560429298834e-09,1.1856367667165137e-12,0.044653267
