xmin,xmax,xmin_score,xmax_score,iou_score
0.665,0.7050000000000001,0.9999991655349731,1.0,0.7861695
0.8150000000000001,0.865,1.0,0.9998929500579834,0.8033559
0.7050000000000001,0.755,1.0,5.392966340878047e-05,0.04245597
0.315,0.35500000000000004,2.069699256423974e-08,1.2231301527165785e-09,0.04465023
0.5650000000000001,0.615,4.008776421926541e-09,2.149241451476769e-09,0.044650532
0.375,0.415,1.3952062595523618e-11,8.838644482977998e-09,0.04465023
0.595,0.635,6.968596808268596e-15,1.6070583797045401e-06,0.044650126
0.235,0.275,1.9405353297424198e-15,9.771324860352593e-10,0.04465023
0.895,0.935,3.3380161698973176e-13,1.0559977329391792e-21,0.04465023
