xmin,xmax,xmin_score,xmax_score,iou_score
0.065,0.105,1.0,1.0,0.78626597
0.015,0.055,1.5277633758775666e-12,1.0,0.044775102
