xmin,xmax,xmin_score,xmax_score,iou_score
0.015,0.055,1.0,1.0,0.78626746
0.865,0.905,1.0,1.0,0.7862675
0.295,0.335,3.468859921529344e-11,1.0,0.04710946
0.235,0.275,2.28880298891454e-06,4.577939047810398e-13,0.04465023
0.625,0.665,0.0001251952489838004,2.6077717696566024e-15,0.04465674
0.125,0.165,7.247259042886256e-11,6.929427587287762e-10,0.044650972
0.165,0.205,6.929427587287762e-10,4.981208154286597e-12,0.04465031
