xmin,xmax,xmin_score,xmax_score,iou_score
0.715,0.755,1.0,1.0,0.7862675
0.755,0.795,1.0,8.819950262456095e-17,0.042734884
0.665,0.7050000000000001,6.697994921294022e-18,1.0,0.044599
0.215,0.255,3.6074372474104166e-05,2.895073910420473e-16,0.044650238
0.435,0.475,4.106651658730698e-07,2.670156304103505e-20,0.044650797
0.795,0.8350000000000001,8.819950262456095e-17,1.4521634491681396e-15,0.04465023
0.015,0.055,2.1789173790991503e-14,7.2075211374136e-21,0.04465023
