xmin,xmax,xmin_score,xmax_score,iou_score
0.305,0.34500000000000003,1.0,5.334654495925406e-09,0.044650238
0.255,0.305,7.14027386953457e-16,1.0,0.04465023
0.915,0.965,5.3787766773893955e-06,2.093704766850668e-12,0.04465021
0.215,0.255,1.1242664186283946e-05,7.14027386953457e-16,0.043264225
0.645,0.685,4.224691776966161e-12,3.015957705152879e-20,0.044650257
0.625,0.665,2.774403563875552e-14,2.1663072353230338e-18,0.04465051
0.665,0.7050000000000001,2.1663072353230338e-18,1.3707885116791218e-18,0.04465023
