xmin,xmax,xmin_score,xmax_score,iou_score
0.425,0.465,1.0,1.0,0.6464457
0.375,0.415,9.719255261719795e-11,1.0,0.044599
0.5750000000000001,0.625,0.15835729241371155,1.532084328110736e-13,0.049029842
0.025,0.065,1.112569129706198e-12,2.9991195638068286e-10,0.044634916
0.8150000000000001,0.865,2.3954462325266037e-15,1.9886041258132536e-08,0.04465023
0.775,0.8150000000000001,3.472623522071672e-09,2.3954462325266037e-15,0.04465023
0.945,0.995,4.7254006399011575e-14,6.92985108138702e-27,0.04465145
0.645,0.685,7.499242112712913e-13,3.351354965345481e-32,0.04465023
