xmin,xmax,xmin_score,xmax_score,iou_score
0.235,0.275,1.0,0.9999840259552002,0.7862673
0.065,0.105,3.084626119730593e-15,0.6738939881324768,0.044724356
0.005,0.045,1.699980407941922e-15,0.02914777211844921,0.044650257
0.195,0.235,6.354070593387337e-20,1.0,0.047130387
0.155,0.195,1.673779032040912e-10,6.354070593387337e-20,0.04465023
