xmin,xmax,xmin_score,xmax_score,iou_score
0.015,0.055,1.0,1.0,0.7862675
0.555,0.605,1.0,1.0,0.79896116
0.615,0.655,1.0,1.0,0.7853644
0.795,0.845,1.0,2.5767793105726004e-16,0.04465023
0.065,0.105,1.0,9.345662511918763e-31,0.04458754
0.485,0.525,9.454563757802373e-16,3.643425252327781e-20,0.04465023
0.155,0.195,6.439989548177661e-28,4.794631056724151e-16,0.04465023
0.8150000000000001,0.865,1.0136110992790222e-30,8.27380427625285e-15,0.04465023
0.945,0.995,3.8509335992260237e-31,1.8093044891907264e-35,0.04465023
