xmin,xmax,xmin_score,xmax_score,iou_score
0.235,0.275,1.0,1.0,0.7862675
0.195,0.235,1.7524713308508466e-16,1.0,0.04710946
0.035,0.07500000000000001,2.2189011872342235e-07,1.3661133720565752e-15,0.044657964
0.155,0.195,2.0089837996298263e-13,1.7524713308508466e-16,0.04465023
0.485,0.525,1.0,4.5244420212867205e-31,0.042734884
0.795,0.845,6.28229587314217e-20,1.7735966766625041e-15,0.044655953
0.945,0.995,1.0,2.52924785687056e-36,0.042444866
0.925,0.975,2.2230955683093245e-15,5.237095786482679e-27,0.15868266
