xmin,xmax,xmin_score,xmax_score,iou_score
0.065,0.105,1.0,1.0,0.786266
0.015,0.055,0.00014512742927763608,1.0,0.04477345
0.165,0.205,6.0917516690739415e-12,2.3434802187694004e-06,0.04465023
