xmin,xmax,xmin_score,xmax_score,iou_score
0.515,0.555,1.0,0.9999997615814208,0.7862675
0.725,0.765,1.0,1.5499496217735718e-12,0.04465023
0.845,0.885,1.2296181630679862e-14,1.427003297749252e-07,0.04465023
0.295,0.335,3.9307875124338163e-14,1.61890362226913e-10,0.044650257
0.015,0.055,9.344073959027807e-09,2.743791385858048e-18,0.04465023
0.885,0.925,1.427003297749252e-07,3.624419808402095e-20,0.04465023
0.055,0.095,2.743791385858048e-18,9.009168966400696e-10,0.04465023
0.785,0.8250000000000001,2.376431666349725e-16,1.012699462726559e-14,0.04465023
0.745,0.785,8.859651640584533e-22,2.376431666349725e-16,0.04465023
