xmin,xmax,xmin_score,xmax_score,iou_score
0.505,0.545,1.0,1.0,0.7862628
0.745,0.785,0.99999737739563,1.748756695008069e-10,0.042734902
0.025,0.065,2.0094490832980828e-15,0.03521111235022545,0.04465021
0.585,0.625,0.006962269078940153,8.488575409259808e-15,0.04465023
0.845,0.885,6.44269087911889e-21,0.07413336634635925,0.044694997
0.605,0.645,5.4887983047535727e-11,7.651451900455439e-14,0.044650257
0.225,0.265,2.9755795216175477e-15,3.5871143972939286e-14,0.04465023
