xmin,xmax,xmin_score,xmax_score,iou_score
0.375,0.425,0.999924659729004,0.9999995231628418,0.8033417
0.625,0.665,2.9370162337727383e-06,7.220134212726492e-11,0.044650238
0.225,0.265,5.924954277203297e-11,1.0097192179592264e-11,0.04465023
0.185,0.225,7.605535667400132e-13,5.924954277203297e-11,0.044648908
0.585,0.625,1.4442597728982872e-20,2.9370162337727383e-06,0.044612736
0.6950000000000001,0.745,1.4566145056620072e-13,2.4589017057701596e-16,0.04465023
0.005,0.045,0.0,1.645196646254119e-15,0.04465023
