xmin,xmax,xmin_score,xmax_score,iou_score
0.645,0.685,0.9984248876571656,1.0,0.7861008
0.375,0.415,7.787465740620099e-14,1.0,0.04710946
0.035,0.07500000000000001,4.635198180835686e-08,8.967525673142519e-07,0.044650484
0.775,0.8150000000000001,3.6514742304911355e-24,1.651337879967174e-17,0.04465023
