xmin,xmax,xmin_score,xmax_score,iou_score
0.025,0.065,1.2464963283775889e-08,1.0,0.04466272
0.645,0.685,1.0501636005244563e-08,2.127411846675458e-14,0.04465023
