xmin,xmax,xmin_score,xmax_score,iou_score
0.895,0.935,1.0,0.9995089769363404,0.7862675
0.375,0.415,0.99737811088562,9.364109487819404e-09,0.042769074
0.505,0.545,1.0295541414961915e-06,2.65925781395282e-10,0.04465023
0.765,0.805,3.3358670492589226e-08,4.512118040244056e-16,0.04465023
0.005,0.045,2.543902899914661e-32,1.0,0.04465023
