xmin,xmax,xmin_score,xmax_score,iou_score
0.775,0.8150000000000001,0.0012283306568861008,6.941120318515459e-07,0.044652384
0.035,0.07500000000000001,3.465380160605491e-08,0.0006839415291324258,0.04464899
0.525,0.5650000000000001,3.082047044244973e-07,1.4042026208471725e-08,0.04465023
0.665,0.7050000000000001,1.0586831873671005e-15,1.0,0.04710946
0.485,0.525,1.3678150364838895e-20,3.082047044244973e-07,0.04465029
0.905,0.945,1.5375303646360364e-19,1.0499773793470892e-12,0.04465023
0.105,0.14500000000000002,3.5617841414559313e-19,1.3185467413609625e-17,0.0446463
0.315,0.35500000000000004,2.1402486323048627e-29,1.0190253155184514e-11,0.04465691
