xmin,xmax,xmin_score,xmax_score,iou_score
0.135,0.17500000000000002,1.0,1.0,0.78625417
0.095,0.135,6.356346438779469e-12,1.0,0.047109492
