xmin,xmax,xmin_score,xmax_score,iou_score
0.905,0.945,1.0348273917770712e-06,4.018741492473056e-06,0.04465021
0.135,0.17500000000000002,4.735054570659258e-10,2.875947924252387e-09,0.04465023
0.735,0.775,1.5999501891411122e-19,1.0087217283683003e-08,0.04465023
0.805,0.855,5.6132831062895105e-15,7.126314237168227e-16,0.04465023
0.005,0.045,4.0301889961478284e-24,4.509495354909632e-08,0.04465023
0.585,0.625,1.6407959924557775e-16,3.532776696665245e-24,0.04465023
0.945,0.995,4.018741492473056e-06,5.379430661711896e-38,0.04465034
