xmin,xmax,xmin_score,xmax_score,iou_score
0.105,0.14500000000000002,0.9999899864196776,0.9999971389770508,0.7862675
0.225,0.265,0.8729634881019592,0.9999413490295408,0.04465019
0.725,0.765,2.8013753539113395e-09,0.0017959080869331954,0.04465023
0.305,0.34500000000000003,3.0724776889368144e-11,0.00012850166240241379,0.044650048
0.065,0.105,7.955453485198786e-20,0.9999899864196776,0.04710946
0.5650000000000001,0.615,2.693549376597825e-12,3.216774990908583e-14,0.15868266
0.535,0.585,4.67939163979747e-13,1.5519233898057252e-15,0.8033593
0.645,0.685,1.8948516135838844e-16,5.017741440855064e-15,0.04465023
