xmin,xmax,xmin_score,xmax_score,iou_score
0.125,0.17500000000000002,1.0,1.0,0.80335957
0.035,0.085,1.618116346479865e-14,5.9733060879807445e-06,0.04465023
0.665,0.715,1.0,6.564679178396432e-20,0.04465023
0.775,0.8150000000000001,5.304118198124061e-16,1.341650450676149e-13,0.044654947
0.435,0.485,2.892357306352039e-13,1.3903061484250402e-17,0.04465023
0.545,0.595,1.0839950691086331e-24,1.2192796084625564e-17,0.0446505
0.465,0.515,1.6548647861931978e-15,9.264590077135773e-31,0.04465023
0.595,0.635,1.2192796084625564e-17,1.5567082972685318e-30,0.04465023
