xmin,xmax,xmin_score,xmax_score,iou_score
0.745,0.785,0.9999996423721312,0.9994146823883056,0.7862532
0.525,0.5650000000000001,1.609428035287408e-09,0.00034484110074117785,0.044792205
0.105,0.14500000000000002,1.1181269105042799e-10,2.1699871066704895e-11,0.044651426
0.785,0.8250000000000001,0.9994146823883056,4.624130970272595e-22,0.30686444
0.375,0.415,3.4401385531874317e-15,8.038737210613878e-12,0.04465104
0.015,0.055,9.075027503973735e-26,7.20599413472911e-10,0.04465034
0.295,0.335,7.107156222315077e-36,2.922204203059664e-07,0.044650257
