xmin,xmax,xmin_score,xmax_score,iou_score
0.865,0.905,1.0,1.0,0.7862675
0.135,0.17500000000000002,1.0,0.9999680519104004,0.7860902
0.525,0.5650000000000001,0.0005567308398894966,1.314126932272508e-11,0.04465023
0.305,0.34500000000000003,4.409421094919708e-08,1.6007656711281015e-07,0.04465045
0.605,0.645,8.422585545675433e-13,1.118859245252679e-06,0.04447326
0.215,0.255,1.993200612560031e-06,3.227074347079145e-18,0.044650014
0.425,0.465,2.2930330685671136e-31,5.239091495704007e-13,0.044652466
