xmin,xmax,xmin_score,xmax_score,iou_score
0.005,0.045,1.0,0.9999592304229736,0.78626657
