xmin,xmax,xmin_score,xmax_score,iou_score
0.165,0.205,0.9989910721778872,1.0,0.78616077
0.8150000000000001,0.865,1.0,0.9069910645484924,0.79962605
0.915,0.955,6.82374718508072e-07,1.0,0.04459969
0.915,0.965,6.82374718508072e-07,1.0,0.047684826
0.5750000000000001,0.625,1.7873656927343965e-13,1.0355894119129516e-05,0.04465023
0.745,0.785,5.847826667348954e-10,4.2628780280024037e-13,0.04465023
0.6950000000000001,0.745,1.7186458766033436e-18,5.847826667348954e-10,0.04465023
0.035,0.07500000000000001,1.4123440357509383e-27,0.00019369443180039525,0.044639368
0.375,0.415,1.0743300034852558e-15,2.2959377283254543e-17,0.04465023
