xmin,xmax,xmin_score,xmax_score,iou_score
0.935,0.985,1.0,1.0,0.7442937
0.305,0.34500000000000003,1.606120747510431e-07,1.0,0.044668823
0.185,0.225,5.136745073741622e-08,1.0,0.044719964
0.505,0.545,1.9214561243637531e-16,1.0,0.047141716
0.945,0.995,1.0,1.5544481507703185e-29,0.66063696
