xmin,xmax,xmin_score,xmax_score,iou_score
0.8150000000000001,0.865,0.9999949932098388,0.9999990463256836,0.80335945
0.865,0.905,0.9999990463256836,3.5728386915678807e-09,0.042734884
0.125,0.165,0.9638615846633912,3.6018155125105977e-09,0.04458754
0.035,0.07500000000000001,7.802245516330687e-10,1.0,0.04710946
0.765,0.805,1.0757095084482082e-12,1.0,0.044599
0.545,0.595,2.368787403641409e-13,0.0001549201551824808,0.04465023
