xmin,xmax,xmin_score,xmax_score,iou_score
0.305,0.34500000000000003,1.0,1.0,0.7862675
0.875,0.915,1.0,0.9998594522476196,0.7862675
0.025,0.065,0.001002427423372865,1.0,0.044599
0.735,0.775,1.0,8.921812073847679e-12,0.04465023
0.095,0.135,1.858317773439921e-05,1.4781764701154998e-09,0.22971995
0.135,0.17500000000000002,1.4781764701154998e-09,1.0948213002848206e-06,0.04465023
0.435,0.475,5.426453597578985e-08,2.7615590370011494e-10,0.0446513
0.665,0.7050000000000001,1.0765162983261687e-08,7.79014130980471e-10,0.0446547
0.535,0.5750000000000001,4.825913557660044e-10,5.337999600717528e-14,0.04465023
