xmin,xmax,xmin_score,xmax_score,iou_score
0.295,0.335,1.0,1.0,0.7862675
0.775,0.8150000000000001,1.9624262392881067e-07,7.711404848009806e-10,0.044653054
0.225,0.265,2.2952639788798032e-09,6.216477288489841e-08,0.04465023
0.535,0.5750000000000001,7.438837672070079e-21,1.0,0.060842898
0.155,0.195,2.2263956616113865e-16,1.6622663679299876e-05,0.04467487
0.905,0.945,3.414782345778633e-10,1.4360352642260599e-13,0.0446061
0.605,0.645,4.6980027453367495e-24,3.8022485957536044e-18,0.04465023
