xmin,xmax,xmin_score,xmax_score,iou_score
0.085,0.135,1.0,1.0,0.79877555
0.915,0.965,1.7326620138646833e-09,3.067164652748033e-05,0.044973917
0.875,0.915,5.6565368140582e-06,1.7326620138646833e-09,0.04476781
0.715,0.755,2.390611580221913e-12,0.0039799404330551616,0.044649825
0.395,0.445,2.7530100595030142e-12,1.2629557399890246e-09,0.04465021
0.475,0.525,1.4067021744494644e-14,1.7679692376759704e-08,0.044650372
0.135,0.17500000000000002,1.0,1.2130460552167508e-22,0.042734884
0.445,0.495,1.2629557399890246e-09,5.598164838730444e-15,0.044650238
0.005,0.055,0.0,9.620573564461665e-07,0.0474169
