xmin,xmax,xmin_score,xmax_score,iou_score
0.755,0.795,1.0,1.0,0.7862675
0.605,0.645,1.5227988314769902e-10,1.0,0.04465023
0.515,0.555,0.0026663735043257475,5.665764732376565e-11,0.04465023
0.305,0.34500000000000003,9.216914520493448e-08,1.2704079210834607e-07,0.04465023
0.105,0.14500000000000002,1.2392640733049909e-11,6.160228993579152e-10,0.044650096
0.065,0.105,1.248553205268621e-10,1.2392640733049909e-11,0.044650238
