xmin,xmax,xmin_score,xmax_score,iou_score
0.935,0.985,1.0,1.0,0.80335945
0.485,0.525,1.0,1.7952340840565743e-06,0.042734884
0.525,0.5650000000000001,1.7952340840565743e-06,6.170969069074772e-09,0.044649556
0.715,0.755,5.591655610759361e-11,4.77263438369846e-06,0.044763926
0.5650000000000001,0.615,6.170969069074772e-09,1.1005027999999584e-09,0.044663124
0.365,0.405,1.6703918318526113e-14,4.1277013451690436e-07,0.04465023
0.8350000000000001,0.885,2.0426126068340267e-11,3.410940260645578e-26,0.04465023
