xmin,xmax,xmin_score,xmax_score,iou_score
0.095,0.135,1.0,1.0,0.78617835
0.045,0.085,4.8532425603005965e-15,1.0,0.044599
0.225,0.265,2.0892028680511744e-14,0.006412945222109556,0.044648968
0.185,0.225,9.746372112151569e-12,2.0892028680511744e-14,0.04465023
0.005,0.045,0.0,4.8532425603005965e-15,0.04465023
