xmin,xmax,xmin_score,xmax_score,iou_score
0.095,0.135,1.0,1.0,0.78554004
0.135,0.17500000000000002,1.0,8.421394685114228e-15,0.042734884
