xmin,xmax,xmin_score,xmax_score,iou_score
0.155,0.195,1.0,1.0,0.7862675
0.215,0.255,0.0001357871224172413,2.848009216904757e-06,0.045212444
0.725,0.765,2.0059951566508967e-06,1.2448884262994396e-05,0.13004774
0.875,0.915,1.0,1.121207686698329e-14,0.044650257
0.295,0.335,5.0644580369407785e-06,3.737338672045455e-13,0.04345405
