xmin,xmax,xmin_score,xmax_score,iou_score
0.005,0.045,5.255707973465238e-27,1.0,0.6620327
