xmin,xmax,xmin_score,xmax_score,iou_score
0.555,0.605,1.0,1.0,0.7442877
0.605,0.645,1.0,1.0,0.045651287
0.885,0.925,4.3733507482102135e-07,1.0,0.04465023
0.515,0.555,8.681317925814115e-14,1.0,0.044606518
0.625,0.665,1.204915548304146e-14,0.6544153094291687,0.26912987
0.8350000000000001,0.885,1.5292204169625736e-09,4.3733507482102135e-07,0.04465023
0.435,0.475,2.0462382011032787e-08,1.868281513517497e-15,0.04465023
0.245,0.28500000000000003,1.996718701491318e-08,1.5903148405026712e-15,0.04465023
0.925,0.975,1.0,2.720818548110993e-26,0.04465023
