xmin,xmax,xmin_score,xmax_score,iou_score
0.095,0.135,1.0,1.0,0.7451035
0.795,0.8350000000000001,5.234177091750779e-09,6.731026223860681e-05,0.04465257
0.905,0.945,9.711879026409308e-15,1.563299178997113e-07,0.044649616
0.945,0.995,1.563299178997113e-07,3.976624589056651e-20,0.045399282
0.365,0.405,3.084776203380933e-17,1.1339797915781158e-13,0.04465023
