xmin,xmax,xmin_score,xmax_score,iou_score
0.865,0.905,1.0,1.0,0.78621817
0.105,0.14500000000000002,1.0,0.9999920129776,0.5932333
0.095,0.135,1.0,0.9904856085777284,0.6510629
0.905,0.945,1.0,0.01343530137091875,0.042735577
0.725,0.765,1.0,1.498265191912651e-05,0.04465023
0.135,0.17500000000000002,0.9904856085777284,1.830338078434579e-06,0.04285997
0.375,0.415,7.04525016104185e-09,1.0,0.04465023
0.065,0.105,4.483755671400838e-16,1.0,0.04710946
0.645,0.685,0.0003648682322818786,1.0288709310522434e-14,0.04465023
