xmin,xmax,xmin_score,xmax_score,iou_score
0.095,0.135,1.0,4.117245043744333e-05,0.04465023
0.305,0.34500000000000003,2.6127231346310953e-13,1.0,0.04710946
0.915,0.955,0.0017636625561863184,2.1170373871374874e-14,0.04465023
0.065,0.105,6.332444369862445e-18,1.0,0.04465023
0.195,0.235,3.26763584655612e-15,1.1362769924971876e-07,0.044640426
0.615,0.655,1.7990991067170973e-25,0.9776344299316406,0.04710946
0.595,0.635,1.7571116832974131e-22,6.078532363832292e-16,0.044650268
