xmin,xmax,xmin_score,xmax_score,iou_score
0.045,0.085,1.0,1.0,0.7862675
0.375,0.415,3.425495664899358e-09,2.298941979006485e-07,0.04465034
0.925,0.975,8.234209841750939e-11,3.0880366921337554e-06,0.044650257
0.485,0.525,2.09039644864693e-16,0.9996836185455322,0.047120456
0.135,0.17500000000000002,2.1741507899575296e-11,3.090129335140551e-13,0.04467335
0.665,0.7050000000000001,1.0,6.222270695830508e-33,0.044650614
0.005,0.045,9.519764877363295e-34,1.0,0.04710946
0.945,0.995,8.964869658797425e-15,0.0,0.04465035
