xmin,xmax,xmin_score,xmax_score,iou_score
0.895,0.935,1.0,1.0,0.7862675
0.595,0.635,5.517639322259109e-16,5.103187561417144e-08,0.04465023
0.715,0.755,6.6883280055822495e-15,1.413276288532439e-12,0.04465023
0.735,0.775,7.982307469515498e-17,1.533788117943479e-14,0.04465023
0.525,0.5650000000000001,4.282627404603901e-23,8.975962750845667e-10,0.04465023
