xmin,xmax,xmin_score,xmax_score,iou_score
0.245,0.28500000000000003,1.0,1.0,0.7862675
0.655,0.6950000000000001,1.0,0.9999871253967284,0.72967416
0.035,0.07500000000000001,6.985820164118195e-06,0.26908186078071594,0.04465078
0.535,0.5750000000000001,1.0,4.860902045461523e-12,0.04465023
0.135,0.17500000000000002,8.19638627881953e-18,2.63823878299263e-08,0.04465023
