xmin,xmax,xmin_score,xmax_score,iou_score
0.34500000000000003,0.395,1.0,1.0,0.66063696
0.105,0.14500000000000002,1.0,0.9995243549346924,0.78625596
0.14500000000000002,0.195,0.9995243549346924,1.0,0.04592524
0.065,0.105,1.336922559858067e-05,1.0,0.04710946
0.195,0.245,1.0,2.910540974898624e-10,0.8033594
0.245,0.295,2.910540974898624e-10,5.045253104185576e-10,0.04244505
0.595,0.635,8.263888705284383e-12,2.8229833401449695e-11,0.044656422
0.025,0.065,1.6177591254615392e-28,1.336922559858067e-05,0.04465023
0.455,0.505,1.8700522856796653e-20,5.073044930047903e-19,0.04465023
