xmin,xmax,xmin_score,xmax_score,iou_score
0.525,0.5650000000000001,1.0,1.0,0.7862669
0.595,0.635,2.33396431070787e-08,2.6388528567622416e-05,0.04465021
0.865,0.905,1.0,4.4751662634630036e-21,0.04465023
0.635,0.675,2.6388528567622416e-05,9.412374452906676e-19,0.04465034
