xmin,xmax,xmin_score,xmax_score,iou_score
0.415,0.465,0.9235686659812928,9.130602666356043e-15,0.042444866
0.855,0.895,8.403176592064465e-12,2.5487546736258082e-05,0.04595838
0.035,0.07500000000000001,4.880229553805293e-10,2.492632411588147e-08,0.04465023
0.925,0.975,4.702646716481239e-09,3.0925560723371603e-11,0.044650048
0.605,0.645,9.510128483867544e-15,1.5131726058825734e-06,0.04465023
0.245,0.295,6.475303404585021e-09,3.1730342240707493e-18,0.04465034
0.17500000000000002,0.225,4.540905090231204e-15,6.329523493872613e-14,0.04465023
0.945,0.995,3.5843010317053904e-19,0.0,0.04465023
