xmin,xmax,xmin_score,xmax_score,iou_score
0.245,0.28500000000000003,1.0,0.9994688630104064,0.7862675
0.025,0.065,4.9193740778719075e-06,7.498989276766286e-12,0.044761132
0.435,0.475,1.0205629674686634e-09,4.729289404536985e-09,0.04465023
0.095,0.135,1.9195624380739448e-20,1.6373546502059063e-19,0.04465034
0.005,0.045,0.0,6.092144475521031e-13,0.044775456
