xmin,xmax,xmin_score,xmax_score,iou_score
0.535,0.5750000000000001,1.0,1.0,0.7862673
0.725,0.765,1.0,1.0,0.7862481
0.765,0.805,1.0,1.157133374363184e-05,0.042770453
0.165,0.205,4.422836763495752e-09,5.670000609825365e-05,0.044650238
0.625,0.665,3.887323622719929e-12,2.330848580811562e-08,0.044650402
0.105,0.14500000000000002,9.141715315107548e-16,6.2042168735843e-08,0.04465023
