xmin,xmax,xmin_score,xmax_score,iou_score
0.055,0.095,1.0,1.0,0.7856874
0.615,0.655,1.0,1.0,0.78626686
0.915,0.955,1.0,7.826702699276211e-07,0.04465023
0.095,0.135,1.0,4.0106247722838586e-14,0.042734914
0.845,0.885,2.6482607218270005e-09,1.0452244168845937e-05,0.044650532
0.785,0.8250000000000001,5.139169534373878e-09,2.269699567181149e-10,0.04465034
0.015,0.055,5.923609437183472e-30,1.0,0.04710931
0.005,0.045,1.4980200020720902e-30,1.0,0.044599
