xmin,xmax,xmin_score,xmax_score,iou_score
0.095,0.135,1.0,0.9999986886978148,0.7862675
