xmin,xmax,xmin_score,xmax_score,iou_score
0.095,0.135,1.0,0.9999712705612184,0.7862672
0.195,0.235,1.0,0.9860279560089112,0.7859275
0.055,0.095,3.298438258636516e-11,1.0,0.04710948
