xmin,xmax,xmin_score,xmax_score,iou_score
0.885,0.925,1.0,1.0,0.7862553
0.625,0.665,1.0,2.9209310525857286e-09,0.04465023
0.045,0.085,1.100946851045892e-11,2.1088324142493062e-10,0.04465023
0.005,0.045,5.003348657015321e-15,1.100946851045892e-11,0.04465023
0.505,0.545,5.244064409196678e-15,2.7959126566404737e-18,0.04465023
0.065,0.105,4.206733546001319e-17,6.876377578443941e-17,0.04465023
