xmin,xmax,xmin_score,xmax_score,iou_score
0.585,0.625,1.0,1.0,0.7512597
0.425,0.465,1.0,4.719595054904854e-16,0.04465023
0.165,0.205,7.281579717443795e-15,2.916521191220767e-13,0.04465023
0.875,0.915,1.0116266277362256e-13,4.883755651676013e-15,0.04465023
0.715,0.755,1.1365467969225705e-15,4.5378330175367985e-18,0.04465023
0.105,0.14500000000000002,1.7215475223275974e-24,1.4237950282745132e-13,0.106836565
0.295,0.335,5.640481861482835e-29,1.8886853886401767e-12,0.04465023
