xmin,xmax,xmin_score,xmax_score,iou_score
0.755,0.795,1.0,1.0,0.7862675
0.045,0.085,2.7951226402866964e-11,1.3177102118788753e-05,0.044651
0.025,0.065,2.723872967180796e-05,1.7948538939597087e-21,0.04467358
0.165,0.205,8.904708084927506e-16,5.3728188564861063e-11,0.044776212
0.875,0.915,3.030963642637506e-27,1.392787413179164e-10,0.04465019
0.915,0.955,1.392787413179164e-10,9.600347901538543e-29,0.044650637
0.665,0.7050000000000001,2.0705288408828272e-15,3.9368109638030416e-26,0.04465032
0.005,0.045,0.0,2.7951226402866964e-11,0.044658322
