xmin,xmax,xmin_score,xmax_score,iou_score
0.885,0.925,1.0,0.9999996423721312,0.7862675
0.585,0.625,0.9999994039535522,1.0,0.7862675
0.525,0.5650000000000001,3.573120466171531e-07,4.347217030797879e-15,0.04465023
0.485,0.525,2.5451842868083004e-17,3.573120466171531e-07,0.04465023
0.735,0.775,1.5814660951835332e-20,6.665456381282908e-11,0.04465023
