xmin,xmax,xmin_score,xmax_score,iou_score
0.295,0.335,1.0,1.0,0.7862675
0.625,0.665,1.0,0.999997854232788,0.7862675
0.665,0.7050000000000001,0.999997854232788,0.00030282902298495173,0.042734884
0.245,0.28500000000000003,3.956281785365984e-16,1.0,0.044599
0.865,0.905,1.916392898455318e-21,0.9999802112579346,0.047110144
0.125,0.165,4.498962973372318e-19,2.1609303075820208e-06,0.04465023
0.545,0.595,1.5070455994248275e-10,7.298336140105407e-18,0.04465023
0.795,0.845,1.5786184801713915e-16,3.714356699829018e-24,0.04465023
