xmin,xmax,xmin_score,xmax_score,iou_score
0.715,0.755,2.6725063051458164e-08,6.358763585012639e-06,0.044670522
0.775,0.8150000000000001,3.219867428239098e-11,7.538849899901835e-07,0.044648062
0.875,0.915,4.115621834444028e-07,3.026962700132009e-14,0.044650238
