xmin,xmax,xmin_score,xmax_score,iou_score
0.765,0.805,3.832218986588032e-09,1.0437640335370092e-11,0.04465023
0.595,0.635,5.408386516414511e-10,4.4780412017386695e-11,0.044650238
0.915,0.955,3.679844084529405e-25,1.0,0.04710946
0.315,0.35500000000000004,6.428095833399539e-10,1.4005537581617146e-16,0.04465023
0.155,0.195,5.99572746052407e-13,2.113374139047202e-14,0.04465023
0.875,0.915,7.377794486451705e-10,3.679844084529405e-25,0.044646088
