xmin,xmax,xmin_score,xmax_score,iou_score
0.855,0.895,2.1418576634513187e-10,1.0415496243254552e-09,0.04465023
0.645,0.685,8.314990909205954e-17,0.0004999196389690042,0.04467153
0.765,0.805,2.6160174170224413e-18,0.0011988446349278092,0.044759054
0.225,0.265,5.596094334453517e-12,6.507808831072795e-19,0.044650238
0.245,0.28500000000000003,1.510736200987248e-16,5.839242479121071e-18,0.04465023
0.135,0.17500000000000002,1.9239586677597881e-22,2.800769447607079e-18,0.04465023
