xmin,xmax,xmin_score,xmax_score,iou_score
0.025,0.065,1.0,1.0,0.59047025
0.635,0.675,1.0,1.0,0.7862675
0.915,0.955,1.0,1.0,0.7862675
0.595,0.635,4.1710678340937477e-17,1.0,0.047112223
0.065,0.105,1.0,8.477254282895647e-22,0.04458754
0.765,0.805,1.1118829468248491e-10,1.1975119246915302e-12,0.044650238
0.495,0.535,2.359937752771657e-06,3.982126216424589e-17,0.04465023
0.875,0.915,4.6064842307088916e-24,1.0,0.04710946
0.515,0.555,3.55363383164331e-08,1.2106618676500381e-20,0.04465023
