xmin,xmax,xmin_score,xmax_score,iou_score
0.045,0.085,1.0,1.0,0.7862675
0.235,0.275,1.0,1.0,0.78626364
0.195,0.235,7.93968170506973e-29,1.0,0.04710946
0.155,0.195,1.455389546201325e-17,7.93968170506973e-29,0.04465023
0.005,0.045,0.0,1.0,0.04710946
