xmin,xmax,xmin_score,xmax_score,iou_score
0.655,0.6950000000000001,1.0,1.0,0.7862675
0.915,0.965,1.0,1.0,0.80295444
0.875,0.915,2.671727088454645e-06,1.0,0.04710946
0.945,0.995,3.170592455248311e-09,1.0,0.1601141
0.765,0.805,1.6438777947769267e-06,2.318178893290224e-08,0.044650257
0.515,0.555,1.0,4.838350008823998e-20,0.20731798
0.195,0.235,6.527407283364561e-17,1.2227428669575602e-07,0.04465023
0.155,0.195,7.058201679371877e-13,6.527407283364561e-17,0.044650268
0.585,0.625,1.8511846569535522e-11,4.8452207777870165e-20,0.04465023
