xmin,xmax,xmin_score,xmax_score,iou_score
0.095,0.135,1.0,1.0,0.7861771
0.715,0.755,1.0,1.0,0.7862675
0.755,0.795,1.0,2.6456666191165823e-08,0.04274995
0.515,0.555,0.9946160912513732,5.045830506894555e-12,0.042734936
0.185,0.225,1.0604629396837595e-09,1.6244541519230824e-12,0.04465032
0.875,0.915,2.2192729086183651e-16,1.7350734564380854e-12,0.04465023
0.915,0.955,1.7350734564380854e-12,3.055727191911236e-19,0.04465023
0.775,0.8150000000000001,3.3070368546470746e-15,3.9552385451774316e-17,0.044666126
0.855,0.895,2.0582626656060616e-16,1.6319188224707563e-17,0.04465023
