xmin,xmax,xmin_score,xmax_score,iou_score
0.095,0.135,1.0,0.9996296167373656,0.7848628
0.045,0.085,3.0023503683196395e-08,1.0,0.044599
0.135,0.17500000000000002,0.9996296167373656,2.1306020059341787e-08,0.042734955
0.215,0.255,0.00012231938308104873,1.003499616736292e-09,0.04465023
0.005,0.045,0.0,3.0023503683196395e-08,0.04465029
