xmin,xmax,xmin_score,xmax_score,iou_score
0.735,0.775,0.0024121785536408424,6.321983528323472e-05,0.044696994
0.895,0.935,8.899207759593963e-12,1.0,0.044599
0.775,0.8150000000000001,6.321983528323472e-05,4.645795900759531e-12,0.044647764
0.645,0.685,6.173924038677114e-09,2.0180926374457897e-10,0.04465105
0.855,0.895,1.5474530545844798e-09,8.899207759593963e-12,0.04465023
0.495,0.535,9.544101620129195e-13,1.7147899766811747e-09,0.04465023
0.535,0.5750000000000001,1.7147899766811747e-09,3.717885916666719e-13,0.04465108
0.305,0.34500000000000003,3.487414801384148e-07,1.5617787765521163e-19,0.04465035
