xmin,xmax,xmin_score,xmax_score,iou_score
0.635,0.675,1.0,1.0,0.7862675
0.435,0.475,7.769774157395659e-08,1.0,0.04710946
0.515,0.555,1.0,5.916875878142491e-08,0.042735342
0.755,0.795,2.8618890590692564e-10,1.0,0.04459965
0.095,0.135,1.5067299892566196e-13,1.0,0.044599
0.585,0.625,1.3905554606616634e-17,1.0,0.044599
