xmin,xmax,xmin_score,xmax_score,iou_score
0.525,0.5650000000000001,1.0,1.0,0.7862675
0.125,0.165,1.0,0.999805748462677,0.7862628
0.885,0.925,3.484559646035889e-13,2.640686199437484e-15,0.04465023
0.865,0.905,1.6751260636153895e-22,3.889898051649413e-23,0.04465023
