xmin,xmax,xmin_score,xmax_score,iou_score
0.195,0.235,1.0,1.0,0.7862675
0.155,0.195,5.732049384311242e-18,1.0,0.04710946
0.095,0.135,4.656654402357408e-12,2.416435920717802e-15,0.04465023
