xmin,xmax,xmin_score,xmax_score,iou_score
0.225,0.265,0.040731221437454224,1.857091660895094e-06,0.07296804
0.305,0.34500000000000003,1.0867436811556884e-10,1.0,0.044599
0.435,0.475,1.3831789047458187e-08,0.0035697272978723045,0.04465023
0.155,0.195,1.454482571716653e-06,2.16603202041199e-09,0.04464782
0.495,0.535,3.636646817017919e-10,2.7294209115069634e-09,0.044676904
0.865,0.905,1.651960310217063e-15,2.6676660781618848e-17,0.044650715
