xmin,xmax,xmin_score,xmax_score,iou_score
0.685,0.735,0.2077773958444596,1.0,0.07367954
0.535,0.5750000000000001,1.0,3.1289533186651397e-09,0.6599594
0.735,0.775,1.0,3.8360579903556897e-13,0.044649698
0.555,0.605,1.182369740310163e-11,0.012575979344546795,0.43102744
0.055,0.095,2.2148908840335927e-07,4.565271771728163e-12,0.04465023
0.315,0.35500000000000004,9.570055858887372e-10,1.3343707215562885e-11,0.04465023
0.945,0.995,1.1348263342370042e-06,5.701419789701805e-37,0.04465023
