xmin,xmax,xmin_score,xmax_score,iou_score
0.895,0.935,3.7002126362928317e-10,5.496275033746987e-16,0.044649903
0.655,0.6950000000000001,7.632573642033053e-37,1.0,0.04710946
