xmin,xmax,xmin_score,xmax_score,iou_score
0.435,0.475,1.0,1.0,0.7862675
0.845,0.885,2.2789242493104208e-08,4.334860022936482e-06,0.044937365
0.135,0.17500000000000002,0.019463097676634792,5.88632587090283e-15,0.044650666
0.215,0.255,1.3082463965474742e-06,6.72635300865039e-14,0.04465023
