xmin,xmax,xmin_score,xmax_score,iou_score
0.855,0.895,1.0,1.0,0.7862675
0.525,0.5650000000000001,6.30240819532446e-08,6.814838138247128e-10,0.045415424
0.615,0.655,3.366268652715832e-10,7.788258038488038e-09,0.044650026
0.785,0.8250000000000001,6.959468237255351e-07,1.7574731927532813e-15,0.04465023
0.125,0.165,5.007416356561656e-11,4.4812555901295465e-14,0.04465023
0.165,0.205,4.4812555901295465e-14,2.703014721772145e-11,0.044651378
0.655,0.6950000000000001,7.788258038488038e-09,5.349436798104384e-21,0.04465023
0.045,0.085,2.458868849380747e-20,4.16092860036979e-13,0.04464779
0.005,0.045,8.152471084240891e-28,2.458868849380747e-20,0.04465023
