xmin,xmax,xmin_score,xmax_score,iou_score
0.425,0.465,1.0,0.9999997615814208,0.7862675
0.235,0.275,1.1384535092417993e-08,2.4700241851860486e-08,0.04465023
0.775,0.8150000000000001,1.932376481050824e-11,9.935804428096162e-07,0.044651
0.095,0.135,1.6920243418178105e-13,2.496237357263453e-05,0.044650268
0.715,0.755,5.9007817586971466e-15,7.144433655792427e-11,0.04465029
0.885,0.925,9.762608597243976e-17,1.1033864932841198e-09,0.04465023
0.735,0.775,1.6579268905340416e-18,1.932376481050824e-11,0.04465023
