xmin,xmax,xmin_score,xmax_score,iou_score
0.305,0.34500000000000003,1.0,0.9984012246131896,0.78611237
0.545,0.595,0.9945904016494752,1.0,0.77854735
0.915,0.965,1.0,0.9709770679473876,0.74353045
0.8250000000000001,0.875,1.0,4.362622282673413e-20,0.04465023
0.875,0.915,4.362622282673413e-20,1.0,0.04459911
0.855,0.895,4.407652357246022e-13,2.289362492982616e-12,0.04465023
0.6950000000000001,0.745,1.1715355248409496e-12,1.9413783392831755e-16,0.04465023
0.665,0.715,6.75375367746112e-16,5.233133449012361e-15,0.04465023
0.625,0.665,5.959993064170641e-18,6.75375367746112e-16,0.044650238
