xmin,xmax,xmin_score,xmax_score,iou_score
0.485,0.525,1.0,1.0,0.786267
0.785,0.8250000000000001,1.0,1.0,0.7862675
0.735,0.775,1.4519835644932757e-07,1.0,0.04459903
0.865,0.905,4.768771488805612e-10,4.6928550455349605e-12,0.04465023
0.155,0.195,1.4411249819739705e-17,1.098292679024837e-09,0.04465023
0.005,0.045,3.8454641161704047e-28,2.2285176280367688e-18,0.04465023
