xmin,xmax,xmin_score,xmax_score,iou_score
0.185,0.225,1.0,1.0,0.7862669
0.525,0.5650000000000001,1.0,1.0,0.7862675
0.485,0.525,3.743338311323896e-05,1.0,0.04710946
0.785,0.8250000000000001,2.0744830180774446e-05,6.443774008303702e-13,0.044650394
0.855,0.895,2.639402411908076e-11,1.7902489490850826e-09,0.04465021
0.615,0.655,8.204015591872782e-12,1.091255641405553e-09,0.044650372
