xmin,xmax,xmin_score,xmax_score,iou_score
0.035,0.07500000000000001,1.0,1.0,0.7862675
0.665,0.715,1.0,1.0,0.7312079
0.715,0.755,1.0,4.490517111902295e-16,0.04284681
0.375,0.415,2.096289364317272e-09,2.2386766919402215e-12,0.04465023
0.755,0.795,4.490517111902295e-16,8.210507939324259e-16,0.044652466
0.485,0.525,4.864979569993237e-21,4.081642576009292e-12,0.04465023
0.885,0.925,1.710662134118891e-30,1.5993810783783593e-21,0.04465023
