xmin,xmax,xmin_score,xmax_score,iou_score
0.535,0.5750000000000001,4.891856519861906e-07,7.253699810944035e-12,0.045537192
0.295,0.335,1.440736974709679e-14,8.889737834749667e-09,0.04465023
0.035,0.07500000000000001,2.745864300473106e-18,1.607404783499078e-06,0.04465031
0.135,0.17500000000000002,2.0239939128605825e-18,1.0527585227733016e-16,0.04465023
0.945,0.995,7.128878043438648e-10,0.0,0.04465023
