xmin,xmax,xmin_score,xmax_score,iou_score
0.305,0.34500000000000003,1.0,1.0,0.7862603
0.015,0.055,1.0,6.055945912656398e-15,0.04465023
0.185,0.225,1.7273574712817212e-06,5.835710993623176e-15,0.04465023
0.655,0.6950000000000001,1.7321342582476966e-08,8.984653172071735e-16,0.04465035
0.855,0.895,5.7906104274146295e-21,3.014223246000647e-11,0.04465023
