xmin,xmax,xmin_score,xmax_score,iou_score
0.245,0.28500000000000003,0.9999723434448242,1.0,0.78626466
0.915,0.955,3.8876578400959255e-07,1.0,0.047109526
0.035,0.07500000000000001,2.6864633184686678e-08,4.2590283300114606e-08,0.044649865
0.125,0.165,2.1924694698638447e-11,8.904399028016041e-13,0.04465023
0.855,0.895,1.5997360771138893e-12,6.812604950653944e-13,0.04465653
