xmin,xmax,xmin_score,xmax_score,iou_score
0.055,0.095,1.0,1.0,0.7862675
0.125,0.165,1.0,1.0,0.7862675
0.225,0.265,9.9218432474406e-15,5.918629475409887e-11,0.04465021
0.005,0.045,0.0,1.0,0.044599
