xmin,xmax,xmin_score,xmax_score,iou_score
0.165,0.205,1.0,0.9999997615814208,0.7854311
0.045,0.085,6.451919034589082e-07,3.8481202816256766e-13,0.04465023
0.005,0.045,6.094474962074772e-26,6.451919034589082e-07,0.04465023
