xmin,xmax,xmin_score,xmax_score,iou_score
0.845,0.885,4.756625648916213e-10,1.0,0.44044852
0.095,0.135,1.0,6.798414506044641e-14,0.04465023
0.315,0.35500000000000004,1.5216908516243083e-16,1.0178510867137371e-28,0.044650268
0.215,0.255,8.816777092540524e-27,1.4407747437407176e-30,0.04465023
