xmin,xmax,xmin_score,xmax_score,iou_score
0.505,0.545,1.0,1.0,0.7862675
0.245,0.28500000000000003,1.0,0.9999998807907104,0.78626066
0.135,0.17500000000000002,1.0,4.181535562253202e-09,0.04465023
0.195,0.235,1.1852755435869265e-15,1.0,0.044599
0.365,0.405,0.00025373438256792724,1.2103694240449266e-15,0.044650156
0.425,0.465,3.907107181734017e-14,1.305556063872832e-21,0.0446505
