xmin,xmax,xmin_score,xmax_score,iou_score
0.425,0.465,1.0,0.999763548374176,0.7272351
0.375,0.415,9.896249508756226e-08,1.0,0.044599
0.625,0.665,8.454318276562843e-07,1.361391685147928e-12,0.04465023
0.215,0.255,1.6107438299828306e-11,8.537021756183094e-09,0.04465023
0.605,0.645,0.9999955892562866,4.961687202189308e-22,0.04277295
0.915,0.955,1.1697158505135693e-23,0.0004037035396322608,0.04465023
0.875,0.915,1.2247234476570055e-11,1.1697158505135693e-23,0.044650063
0.005,0.045,0.0,5.818820224918683e-14,0.04465023
