xmin,xmax,xmin_score,xmax_score,iou_score
0.105,0.14500000000000002,3.4072544048344144e-14,1.1325597126798925e-09,0.04465023
0.525,0.5650000000000001,3.784347166527039e-19,1.9959399938709198e-25,0.04465043
0.655,0.6950000000000001,2.891014826008953e-37,5.523077773926098e-29,0.04465023
