xmin,xmax,xmin_score,xmax_score,iou_score
0.775,0.8150000000000001,0.9999634027481079,1.0,0.7861106
0.035,0.07500000000000001,1.2032698585788374e-16,2.62577430021338e-07,0.04467034
0.245,0.28500000000000003,1.728258563181337e-17,7.22320474781787e-15,0.04465023
