xmin,xmax,xmin_score,xmax_score,iou_score
0.735,0.775,3.896960265592497e-08,0.9043084979057312,0.04465023
0.785,0.8250000000000001,1.0,4.397747790929607e-11,0.04465023
0.905,0.945,1.7357668511612356e-14,0.9999862909317015,0.04710946
0.035,0.07500000000000001,2.9313926575014193e-07,5.568645197739919e-11,0.04465034
0.215,0.255,2.757658101870675e-09,1.538335570039351e-10,0.04465035
0.865,0.905,9.978923465325806e-09,1.7357668511612356e-14,0.04474525
0.295,0.335,3.0337599701271353e-14,3.5050667229752364e-11,0.044645164
0.635,0.675,4.0371340484979705e-29,4.2166775626739645e-10,0.04465023
