xmin,xmax,xmin_score,xmax_score,iou_score
0.625,0.665,1.0,0.9999998807907104,0.7862675
0.535,0.5750000000000001,1.6409927861005258e-09,2.305304320771029e-07,0.04498206
0.495,0.535,1.631583934624814e-08,1.6409927861005258e-09,0.044650063
0.315,0.35500000000000004,2.399265786046101e-10,6.435676991323191e-10,0.04465023
0.515,0.555,4.551343835146327e-08,2.7757500498001557e-15,0.044735447
0.165,0.205,5.445130633820356e-14,1.0307826814326404e-09,0.04465023
0.845,0.885,1.482573530608988e-08,6.580911310617958e-17,0.04508919
0.715,0.755,6.45651788160431e-21,1.628227153105399e-07,0.04465029
0.005,0.045,8.443583743085773e-24,3.4592410429468146e-06,0.044651106
