xmin,xmax,xmin_score,xmax_score,iou_score
0.245,0.28500000000000003,1.0,1.0,0.78626746
0.195,0.235,3.4355982503342367e-09,1.0,0.044644248
0.435,0.475,2.8620221554230183e-16,1.0,0.047088318
0.715,0.755,2.377152728133547e-12,1.837098251300517e-10,0.04465021
0.315,0.35500000000000004,3.097332945678488e-10,1.3185344472071286e-13,0.045926306
0.875,0.915,6.385988912422248e-16,3.3633941256181905e-17,0.04465023
0.375,0.415,7.527747869495727e-11,2.5522533570508315e-24,0.04324236
