xmin,xmax,xmin_score,xmax_score,iou_score
0.235,0.275,1.0,1.0,0.7862675
0.185,0.225,5.041038766973038e-11,1.0,0.04479555
