xmin,xmax,xmin_score,xmax_score,iou_score
0.435,0.475,1.0,1.0,0.7862675
0.505,0.545,4.061495605979515e-13,1.3278915389491885e-07,0.04465023
0.315,0.35500000000000004,4.349541837811444e-10,1.9202948692981217e-12,0.04465023
0.585,0.625,1.967868645813553e-10,2.3251973263471734e-12,0.04465023
0.6950000000000001,0.745,1.0,6.498588805556383e-24,0.042444866
