xmin,xmax,xmin_score,xmax_score,iou_score
0.655,0.6950000000000001,1.0,1.0,0.7862675
0.935,0.985,0.9999928474426272,1.0,0.803357
0.035,0.07500000000000001,0.9997825026512146,2.045284219764909e-10,0.042737763
0.765,0.805,1.2661132586799795e-06,3.021376571155088e-08,0.04465265
0.895,0.935,1.1086696720790106e-15,0.9999928474426272,0.047109697
0.805,0.855,3.021376571155088e-08,6.503341615227143e-11,0.044659343
0.855,0.895,6.503341615227143e-11,1.1086696720790106e-15,0.04465075
0.015,0.055,1.778765483464886e-16,2.955829483085315e-13,0.22977602
0.5750000000000001,0.625,5.162046463023928e-14,5.495220957492411e-18,0.044668823
