xmin,xmax,xmin_score,xmax_score,iou_score
0.375,0.415,1.0,1.0,0.7862672
0.655,0.6950000000000001,5.690628090276872e-12,1.0,0.044599
0.615,0.655,6.476516034581437e-08,5.690628090276872e-12,0.044650257
0.895,0.935,1.2249039282874466e-10,8.077582656570992e-13,0.045287576
0.215,0.255,9.327697007575386e-19,2.072937821395726e-09,0.04465023
