xmin,xmax,xmin_score,xmax_score,iou_score
0.155,0.195,1.0,1.0,0.7859981
0.195,0.235,1.0,4.9947584263021476e-11,0.043149546
0.235,0.275,4.9947584263021476e-11,1.2024487308637255e-12,0.04465023
0.755,0.795,8.435995368927252e-07,5.5274082094880734e-18,0.044648822
0.795,0.8350000000000001,5.5274082094880734e-18,1.8748492536246886e-08,0.04468491
