xmin,xmax,xmin_score,xmax_score,iou_score
0.715,0.755,1.0,7.512352749472484e-05,0.04465023
0.875,0.915,1.0,7.792806400175324e-07,0.043604884
0.915,0.955,7.792806400175324e-07,0.0004100374644622207,0.055178378
0.535,0.5750000000000001,7.066450831601234e-13,0.0012133850250393152,0.05522889
0.245,0.28500000000000003,7.875993452629856e-16,1.0,0.04465023
0.495,0.535,3.126944392306541e-08,7.066450831601234e-13,0.044484474
0.135,0.17500000000000002,5.224360869475901e-21,3.170304125887924e-07,0.04465023
0.035,0.07500000000000001,2.450305509610273e-24,1.4582311053112914e-11,0.04465023
0.095,0.135,2.217167663939872e-22,5.224360869475901e-21,0.04465023
