xmin,xmax,xmin_score,xmax_score,iou_score
0.485,0.525,1.0,1.0,0.7862675
0.195,0.235,0.001450969371944666,7.368565480003753e-11,0.044797894
0.875,0.915,8.005491343617e-15,0.015240884386003016,0.044621397
0.005,0.045,9.494286199867002e-23,1.0,0.44044843
0.125,0.165,3.729433788945971e-17,7.468314038305834e-07,0.044650145
