xmin,xmax,xmin_score,xmax_score,iou_score
0.245,0.295,1.0,1.0,0.7442937
0.545,0.595,1.0,1.0,0.73941624
0.035,0.07500000000000001,1.0,0.9999222755432128,0.78554004
0.195,0.245,1.9139498874665147e-09,1.0,0.04437922
0.795,0.8350000000000001,1.1443528347143685e-09,4.173238630755805e-05,0.04475468
