xmin,xmax,xmin_score,xmax_score,iou_score
0.015,0.055,1.0,0.9640227556228638,0.7862469
