xmin,xmax,xmin_score,xmax_score,iou_score
0.945,0.995,1.0,1.0,0.042444866
0.855,0.895,1.3663469244917796e-09,0.9999998807907104,0.047108233
0.915,0.955,2.264321271715913e-13,1.0,0.36393863
0.795,0.8350000000000001,0.016347672790288925,4.358510012863852e-14,0.04465023
0.535,0.5750000000000001,0.0002627453359309584,6.916074306912603e-17,0.044587523
0.615,0.655,1.910073432753734e-09,1.2988453357547921e-13,0.04465023
0.675,0.725,3.864246422846662e-11,1.8579043011224478e-16,0.04465023
