xmin,xmax,xmin_score,xmax_score,iou_score
0.755,0.795,1.0,1.0,0.7862675
0.625,0.665,1.0,5.056147714628588e-16,0.04465023
0.645,0.685,1.559479542029285e-13,1.385207702093822e-25,0.04465023
0.775,0.8150000000000001,3.1500824482164554e-26,3.0964329543340183e-14,0.22972181
