xmin,xmax,xmin_score,xmax_score,iou_score
0.865,0.905,1.0,1.0,0.7862675
0.215,0.255,1.0175986843528192e-13,2.1303596895450028e-06,0.044660296
0.525,0.5650000000000001,1.6050050828317342e-12,4.446310697403533e-08,0.04465023
0.485,0.525,8.724082789512977e-09,1.6050050828317342e-12,0.044652224
0.045,0.085,6.23996285753492e-08,5.954508211508539e-16,0.04465023
0.005,0.045,1.139971516564442e-17,6.23996285753492e-08,0.04465023
