xmin,xmax,xmin_score,xmax_score,iou_score
0.025,0.065,1.0,1.0,0.7862675
0.555,0.605,1.0,0.5211192965507507,0.78008866
0.515,0.555,1.7041248412397179e-09,1.0,0.048219513
0.855,0.895,0.9955295920372008,3.4054128874444482e-12,0.044648908
0.675,0.725,1.6585517681466655e-12,1.2112516856177535e-07,0.04465023
0.935,0.985,1.8670569579856512e-14,4.469175564736361e-06,0.044652354
0.155,0.195,1.878560105866497e-13,1.788698633653496e-10,0.044650238
0.295,0.335,1.7147612539972212e-12,1.6713678509770735e-13,0.04465023
0.895,0.935,3.4054128874444482e-12,1.8670569579856512e-14,0.04465023
