xmin,xmax,xmin_score,xmax_score,iou_score
0.525,0.5650000000000001,3.100992398685776e-05,1.0,0.19552368
0.605,0.645,0.0035870347637683157,1.732250609620678e-07,0.04367137
0.045,0.085,3.1807845609797484e-14,1.0,0.04465023
0.765,0.805,4.779811962896119e-12,2.5698790651063064e-08,0.04465023
0.855,0.895,1.6931184418349824e-17,1.05073304200329e-15,0.04465023
0.435,0.475,7.586474063333022e-23,1.0667982339521154e-12,0.044697065
0.005,0.045,2.9489827095254716e-35,3.1807845609797484e-14,0.04465023
0.195,0.235,8.579971148794042e-35,1.6268792044343278e-23,0.04465023
