xmin,xmax,xmin_score,xmax_score,iou_score
0.895,0.935,2.032904831139604e-06,1.0,0.04710946
0.515,0.555,3.5343551002542388e-12,3.081314758901498e-08,0.04465023
0.005,0.045,8.26093327077615e-08,7.071568807956452e-13,0.044682786
0.595,0.635,7.0440567441487626e-12,2.5159476932379302e-11,0.04465023
0.295,0.335,5.1320157569119736e-14,1.2350684711059935e-11,0.044650156
0.045,0.085,7.071568807956452e-13,1.1033837417958463e-14,0.04465019
0.795,0.8350000000000001,1.2989127978510403e-19,2.477418825641564e-10,0.044661112
