xmin,xmax,xmin_score,xmax_score,iou_score
0.375,0.415,1.481263306457592e-10,0.00022179333609528837,0.04465034
0.895,0.935,3.853742411991101e-15,1.0,0.044599
0.765,0.805,1.0900200742014476e-09,6.224049053926707e-11,0.04465023
0.855,0.895,1.0321612305358528e-14,3.853742411991101e-15,0.04465023
0.485,0.525,1.1706095280942208e-14,4.889828229398225e-17,0.04465023
0.295,0.335,7.834796905560466e-25,6.046063473381664e-16,0.044772867
