xmin,xmax,xmin_score,xmax_score,iou_score
0.895,0.935,1.0,1.0,0.7862675
0.095,0.135,3.45125408784952e-06,3.89168889114444e-07,0.045158934
0.135,0.17500000000000002,3.89168889114444e-07,1.9818771761492826e-06,0.044745803
0.235,0.275,1.5753325033340815e-10,2.6805224479176104e-05,0.04465023
0.645,0.685,1.2796021837610527e-12,3.628592537552322e-07,0.044651106
0.215,0.255,3.906584084001352e-11,1.0548351525585533e-08,0.04464964
0.915,0.955,4.180618960339592e-20,1.7447898681410834e-09,0.22972083
0.025,0.065,5.876734388686249e-20,1.9112345039928869e-10,0.24296808
