xmin,xmax,xmin_score,xmax_score,iou_score
0.215,0.255,1.2738552435109794e-09,1.0,0.04712664
0.595,0.635,8.588370015161216e-09,1.271097744393046e-06,0.044650886
0.635,0.675,1.271097744393046e-06,7.627154760363446e-16,0.04465031
0.065,0.105,4.633627034110054e-16,3.034828210957129e-08,0.04465023
0.005,0.045,0.0,4.1171987965205736e-14,0.04465032
