xmin,xmax,xmin_score,xmax_score,iou_score
0.195,0.235,1.0,1.0,0.7862675
0.125,0.165,0.028923967853188518,8.964692099766579e-09,0.04465023
0.055,0.095,1.9119957528346282e-07,0.0006595170707441866,0.044668194
