xmin,xmax,xmin_score,xmax_score,iou_score
0.525,0.5650000000000001,1.0,1.0,0.7862329
0.765,0.805,1.0,1.0,0.78619385
0.865,0.905,1.1951003386911907e-07,0.9999929666519164,0.04473593
0.725,0.765,4.78815653792708e-10,1.0,0.04710946
0.485,0.525,1.144130092316925e-13,1.0,0.047109544
0.125,0.165,0.999984860420227,3.135829129043217e-17,0.042734884
0.185,0.225,1.9807849804820416e-10,2.5383746660168072e-08,0.046353824
0.915,0.955,1.0,2.9349194102303625e-21,0.04465021
0.165,0.205,3.135829129043217e-17,2.6221532773702368e-17,0.044590313
