xmin,xmax,xmin_score,xmax_score,iou_score
0.095,0.135,1.0,1.0,0.7862675
0.595,0.635,1.0,1.0,0.78554004
0.505,0.545,0.02664189226925373,0.004127214662730694,0.04465023
0.165,0.205,5.288552581972361e-11,6.827165321965367e-08,0.04465023
