xmin,xmax,xmin_score,xmax_score,iou_score
0.105,0.14500000000000002,0.9990991353988647,1.0,0.042734884
0.065,0.105,0.9994577765464784,0.9990991353988647,0.7753821
