xmin,xmax,xmin_score,xmax_score,iou_score
0.625,0.665,0.0008936678059399127,1.0,0.06584023
0.505,0.545,1.5056411792249008e-13,1.0,0.04465021
0.045,0.085,0.00010237155220238492,1.0351980384015746e-09,0.044650532
0.765,0.805,3.759086819599133e-09,1.1772749530791773e-07,0.0446513
0.005,0.045,5.809137447522357e-19,0.00010237155220238492,0.04465507
0.305,0.34500000000000003,1.4282099132851596e-16,4.3179329556330975e-10,0.04465023
