xmin,xmax,xmin_score,xmax_score,iou_score
0.135,0.17500000000000002,1.0,0.9578757286071776,0.7862674
0.095,0.135,6.067421413381846e-13,1.0,0.04710948
0.055,0.095,5.292535022570359e-16,6.067421413381846e-13,0.04465023
