xmin,xmax,xmin_score,xmax_score,iou_score
0.895,0.935,1.0,1.0,0.7862675
0.855,0.895,0.9990414977073668,1.0,0.045689255
0.055,0.095,3.338178444469353e-15,3.0370359005438274e-11,0.04465023
0.135,0.17500000000000002,9.585936978700759e-20,4.92507756799654e-10,0.04465023
0.095,0.135,3.0370359005438274e-11,9.585936978700759e-20,0.04465023
0.245,0.28500000000000003,3.639893073982112e-22,1.1356952704655311e-11,0.04465023
