xmin,xmax,xmin_score,xmax_score,iou_score
0.795,0.8350000000000001,1.0,0.9997796416282654,0.78542835
0.095,0.135,0.9977810978889464,1.0,0.043247677
0.055,0.095,0.999997854232788,0.9977810978889464,0.78616667
0.435,0.475,1.7364479845127791e-06,1.0,0.08516264
0.015,0.055,2.059982051605402e-07,0.999997854232788,0.04716909
0.755,0.795,4.773954032089024e-08,1.0,0.047109444
0.615,0.655,1.9998974920554247e-08,1.7975171431316994e-05,0.04476218
0.185,0.225,1.0,4.2467101341557573e-14,0.04274141
0.305,0.34500000000000003,6.716762533073121e-29,1.8914830590688325e-08,0.04465023
