xmin,xmax,xmin_score,xmax_score,iou_score
0.895,0.935,7.697018716834594e-11,1.0,0.12007651
0.525,0.5650000000000001,4.719729468360967e-11,1.0,0.04459901
0.155,0.195,2.198936499553384e-06,3.0740973655518644e-10,0.044650473
0.195,0.235,3.0740973655518644e-10,1.3379864185480983e-06,0.04465043
0.725,0.765,5.976503485799625e-19,5.001121738956726e-09,0.044651262
