xmin,xmax,xmin_score,xmax_score,iou_score
0.765,0.805,0.9996614456176758,0.9999837875366212,0.786231
0.585,0.625,3.505122731439769e-05,2.0419211840035784e-13,0.044650238
0.525,0.5650000000000001,1.3405140882147717e-14,1.162077069238876e-06,0.04465023
0.845,0.885,1.3361102446651785e-07,1.5093456069799694e-19,0.0446498
