xmin,xmax,xmin_score,xmax_score,iou_score
0.545,0.595,1.0,0.9998668432235718,0.7442933
0.505,0.545,4.413192088246337e-13,1.0,0.053698756
0.035,0.07500000000000001,2.5461520912484215e-12,1.690113577978991e-07,0.04465023
0.6950000000000001,0.745,3.8815722554555454e-13,4.261470065713978e-10,0.04465023
0.455,0.505,5.8503080851979306e-12,4.413192088246337e-13,0.19985336
0.165,0.215,8.069873658200777e-09,4.173550699420387e-17,0.044651378
0.655,0.6950000000000001,1.0015555201815195e-19,3.8815722554555454e-13,0.04465023
