xmin,xmax,xmin_score,xmax_score,iou_score
0.225,0.265,1.0,1.0,0.7862675
0.155,0.195,8.295629640997504e-07,0.038109518587589264,0.04465023
