xmin,xmax,xmin_score,xmax_score,iou_score
0.585,0.625,1.0,1.0,0.7862674
0.105,0.14500000000000002,1.7211054625931865e-07,4.842967769036477e-07,0.044650238
0.065,0.105,8.336109025286477e-10,1.7211054625931865e-07,0.04465023
0.315,0.35500000000000004,2.2795826337684844e-10,1.6712094819126833e-08,0.044650666
0.215,0.255,6.971542898526194e-09,6.816967129674723e-11,0.04465018
0.745,0.785,4.388265306687345e-10,2.0369751024817973e-11,0.044650156
0.025,0.065,1.7669812011136819e-12,8.336109025286477e-10,0.04465023
0.885,0.925,1.6049406907518092e-16,2.9144502783351456e-11,0.04465856
0.005,0.045,3.07795440735061e-27,5.04650932153794e-10,0.04465023
