xmin,xmax,xmin_score,xmax_score,iou_score
0.885,0.925,0.01654224283993244,0.99998939037323,0.58971876
0.125,0.165,0.001637947978451848,1.3091747685933795e-09,0.047824424
0.235,0.275,1.0168192243059648e-12,1.0,0.04707072
0.195,0.235,5.977477940177778e-06,1.0168192243059648e-12,0.04465023
0.525,0.5650000000000001,5.6504806167367874e-08,4.7204505929099305e-12,0.04465023
