xmin,xmax,xmin_score,xmax_score,iou_score
0.045,0.085,2.2189638002600987e-06,0.00028729502810165286,0.044653334
0.515,0.555,5.33580853112614e-11,1.0,0.7862619
0.755,0.795,2.1422731322218167e-07,1.2792240156045409e-08,0.044650257
0.795,0.8350000000000001,1.2792240156045409e-08,1.9139784512844926e-07,0.04465023
0.895,0.935,2.4000932171475146e-05,9.043890636384332e-11,0.042763237
0.195,0.235,5.322601515824333e-16,5.372849387619283e-10,0.04465051
0.215,0.255,7.141060154337639e-17,2.431250730253187e-13,0.04465099
0.645,0.685,6.106511538644582e-32,3.2599978894073587e-26,0.04465023
0.005,0.045,0.0,2.2189638002600987e-06,0.04465021
