xmin,xmax,xmin_score,xmax_score,iou_score
0.615,0.655,6.896621584928653e-07,2.709093366304316e-12,0.04465023
0.655,0.6950000000000001,2.709093366304316e-12,1.3177813874831744e-11,0.04465023
0.505,0.545,0.00422191433608532,1.628337295488493e-24,0.04465023
0.595,0.635,1.8590152212287188e-18,2.6264318207813205e-14,0.04465023
0.375,0.415,9.501068958276892e-14,4.22169908177891e-25,0.044650555
