xmin,xmax,xmin_score,xmax_score,iou_score
0.035,0.07500000000000001,1.0,1.0,0.7862675
0.735,0.775,1.0,0.9999986886978148,0.7862675
0.165,0.205,7.700212336203549e-06,1.0,0.04465023
0.125,0.165,0.0008133169030770659,7.700212336203549e-06,0.044651315
0.515,0.555,4.1695931429774895e-11,0.010397186502814293,0.2419695
0.885,0.925,2.72558580149962e-08,2.0454596350028e-10,0.04465392
0.585,0.625,1.567520202180872e-12,8.490527542890929e-21,0.04465029
