xmin,xmax,xmin_score,xmax_score,iou_score
0.305,0.34500000000000003,8.883288273864309e-07,1.0,0.044643454
0.895,0.935,1.7323315004702524e-09,1.0,0.04710946
0.435,0.475,7.69074300771555e-12,6.004456914315838e-13,0.047109514
0.585,0.625,1.6350681919519158e-10,1.7735738279487508e-14,0.044587214
0.625,0.665,1.7735738279487508e-14,5.509780999501944e-13,0.04623573
0.605,0.645,6.344293410620594e-07,4.122541399861377e-22,0.046443924
0.665,0.7050000000000001,5.509780999501944e-13,1.3864663760215687e-17,0.04465023
