xmin,xmax,xmin_score,xmax_score,iou_score
0.715,0.755,1.0,1.0,0.7862675
0.905,0.945,3.47408713423647e-05,1.0,0.04465023
0.125,0.165,0.9999998807907104,8.684482022403016e-10,0.042749714
0.885,0.925,4.509139671426965e-06,4.774124651163447e-09,0.04465023
0.315,0.35500000000000004,1.099218479794217e-06,2.7241240374564772e-09,0.04465023
0.245,0.28500000000000003,0.00037431123200804,9.456269046883432e-14,0.04602483
0.635,0.675,1.4720798672058282e-16,0.01950728520751,0.04465021
0.105,0.14500000000000002,2.478030263013648e-28,1.8335872642265272e-13,0.22972408
