xmin,xmax,xmin_score,xmax_score,iou_score
0.715,0.755,1.0,0.9999997615814208,0.7862675
0.915,0.955,1.3022444456112224e-08,1.3156266874536636e-11,0.04465021
