xmin,xmax,xmin_score,xmax_score,iou_score
0.535,0.585,0.9999994039535522,0.9999954700469972,0.8033594
0.125,0.165,1.0,9.855334220422193e-16,0.04465023
0.195,0.235,3.74322884545764e-18,0.10277452319860456,0.04465023
0.025,0.065,4.874835886521656e-13,3.800398884479249e-11,0.044650566
0.925,0.975,1.2854849407162305e-09,7.149066125293809e-19,0.04465023
0.005,0.045,0.0,3.4614578564573506e-11,0.04465023
