xmin,xmax,xmin_score,xmax_score,iou_score
0.605,0.645,1.0,0.996591329574585,0.78618425
0.375,0.415,0.0030946631450206037,1.0,0.19186734
0.425,0.465,1.0,1.1299829821842522e-10,0.044597354
0.895,0.935,1.3475061344525585e-11,5.756444352300605e-07,0.04465059
0.105,0.14500000000000002,2.592210194052313e-06,1.6269870398268054e-20,0.04465042
0.855,0.895,1.2448550181362179e-26,1.3475061344525585e-11,0.044653624
0.005,0.045,1.0171714800586398e-36,2.6950507797662837e-11,0.04465023
