xmin,xmax,xmin_score,xmax_score,iou_score
0.015,0.055,1.0,1.0,0.7862675
0.055,0.095,1.0,5.370795496707771e-13,0.042734884
