xmin,xmax,xmin_score,xmax_score,iou_score
0.775,0.8150000000000001,1.0,1.0,0.7862675
0.055,0.095,0.9999501705169678,1.0,0.5904654
0.095,0.135,1.0,1.2605942678600712e-10,0.04458754
0.875,0.915,1.024755302836411e-08,2.2507982066599645e-05,0.044724118
0.635,0.675,1.5520657675738292e-11,5.547678427753058e-10,0.04465023
