xmin,xmax,xmin_score,xmax_score,iou_score
0.195,0.235,1.0,0.999986171722412,0.7862675
0.235,0.275,0.999986171722412,9.050438350144408e-13,0.04273501
0.005,0.045,0.0,1.361831196991731e-15,0.04465023
