xmin,xmax,xmin_score,xmax_score,iou_score
0.725,0.765,1.0,1.0,0.7862675
0.845,0.885,7.733940947218798e-06,7.232538791868138e-06,0.044650238
0.765,0.805,1.0,2.8044168549901105e-13,0.042734914
0.165,0.205,5.136248956531808e-13,2.0062307370949384e-09,0.04493327
0.095,0.135,4.328520875063191e-10,1.087767320925608e-19,0.04465023
0.315,0.35500000000000004,1.4048266673213905e-12,1.419004352596955e-17,0.04465023
0.005,0.045,0.0,3.3484571559938565e-08,0.044651125
