xmin,xmax,xmin_score,xmax_score,iou_score
0.905,0.945,1.0,1.0,0.7862675
0.315,0.35500000000000004,2.8566395485540852e-05,1.0,0.04740847
0.855,0.895,2.6904923288384452e-05,1.0,0.044599
0.025,0.065,1.3952273767613636e-15,5.520840673511884e-08,0.044651207
0.765,0.805,1.3024809529527115e-11,2.6973338571257207e-15,0.04465023
0.635,0.675,1.0922630161447343e-10,7.900897821873615e-19,0.04465023
0.125,0.165,6.494798764826535e-16,1.0613938949405763e-20,0.04465023
0.005,0.045,0.0,4.2210915208312307e-23,0.044651315
