xmin,xmax,xmin_score,xmax_score,iou_score
0.885,0.925,1.0,1.0,0.59047025
0.005,0.045,0.0,2.920468489264749e-07,0.04465023
