xmin,xmax,xmin_score,xmax_score,iou_score
0.305,0.34500000000000003,1.0,1.0,0.7862675
0.055,0.095,0.9999237060546876,9.096668662778026e-08,0.04465023
0.745,0.785,1.0,2.625106354514628e-09,0.042734884
0.015,0.055,5.255402224513261e-10,0.9999237060546876,0.04465023
0.665,0.7050000000000001,8.223677988583589e-11,1.0,0.04710946
0.915,0.955,1.2064583296474995e-18,0.04236900806427002,0.045111746
0.875,0.915,2.7358046494896364e-08,1.2064583296474995e-18,0.044750407
