xmin,xmax,xmin_score,xmax_score,iou_score
0.615,0.655,0.9950414299964904,0.9999842643737792,0.7857418
0.655,0.6950000000000001,0.9999842643737792,2.9124344109732188e-06,0.04273543
0.155,0.195,8.474841706629379e-06,1.2947648428962566e-05,0.04465023
0.425,0.465,4.0383969497452543e-14,5.9473812541455124e-08,0.044669006
0.035,0.07500000000000001,5.4300815688530784e-14,4.3489674084185026e-08,0.044792347
0.095,0.135,3.944629047231488e-14,2.068061433907476e-12,0.044649903
0.725,0.765,3.176020546414871e-21,3.4396913465074377e-23,0.04465023
