xmin,xmax,xmin_score,xmax_score,iou_score
0.155,0.195,1.0,1.0,0.7862675
0.055,0.095,3.1993582894074286e-08,1.0118057086616616e-10,0.04465023
