xmin,xmax,xmin_score,xmax_score,iou_score
0.425,0.465,0.9999997615814208,0.9999992847442628,0.7862675
0.925,0.975,5.786491286130512e-10,1.0,0.04437922
0.095,0.135,1.0080373158416477e-07,7.301499863388018e-05,0.04465023
0.375,0.415,3.0123519238929586e-13,1.0,0.04460748
0.305,0.34500000000000003,2.98428746992041e-11,3.521633698255755e-05,0.04465023
0.885,0.925,1.9255709526877496e-10,5.786491286130512e-10,0.04465023
0.8350000000000001,0.885,7.28631738278196e-11,1.9255709526877496e-10,0.04465023
0.5750000000000001,0.625,2.592338617599393e-15,4.860332136757961e-10,0.04465029
0.005,0.045,1.4426229802455102e-37,6.270321718446215e-13,0.04465023
