xmin,xmax,xmin_score,xmax_score,iou_score
0.645,0.685,1.0,1.0,0.7862675
0.855,0.895,1.0,1.0,0.7862675
0.595,0.635,1.762045709536621e-14,1.0,0.04460098
0.735,0.775,4.240919437847879e-08,1.0345841344001558e-13,0.04465023
0.125,0.165,4.536883496911649e-17,1.6692621729319512e-09,0.044651702
0.165,0.205,1.6692621729319512e-09,4.3436316065065995e-17,0.04465021
0.525,0.5650000000000001,6.362878515947379e-19,4.6694927384374064e-14,0.04465023
0.005,0.045,1.804948550892539e-19,2.1260494583560904e-21,0.04465034
