xmin,xmax,xmin_score,xmax_score,iou_score
0.595,0.635,1.0,1.0,0.7862675
0.295,0.335,1.0,3.4154903179388052e-15,0.04465023
0.715,0.755,1.635709345748637e-08,1.0266661965019352e-09,0.04465023
0.035,0.07500000000000001,3.456101030363534e-11,4.742760779663513e-07,0.04465023
0.245,0.28500000000000003,6.702747117163228e-26,1.0,0.04465059
0.435,0.475,3.5361441959582143e-26,1.2586631769392204e-13,0.04465023
