xmin,xmax,xmin_score,xmax_score,iou_score
0.155,0.195,1.0,1.0,0.7862675
0.005,0.045,9.025006284599904e-33,2.0795827082933924e-13,0.23835167
