xmin,xmax,xmin_score,xmax_score,iou_score
0.905,0.945,3.7340641938499175e-06,1.0,0.044599
0.865,0.905,4.075935976288747e-06,3.7340641938499175e-06,0.04465148
0.035,0.07500000000000001,3.696391181573515e-24,1.0,0.047109373
0.235,0.275,5.2393847473777225e-18,9.524499233748428e-08,0.19612625
