xmin,xmax,xmin_score,xmax_score,iou_score
0.265,0.315,1.0,1.0,0.80335945
0.545,0.595,2.157715117689918e-09,1.0,0.044648908
0.945,0.995,1.1385702380906082e-09,1.0,0.04463781
0.775,0.8150000000000001,2.0751840246191477e-09,1.201400891659432e-06,0.044650238
0.505,0.545,2.4432226908288606e-08,2.157715117689918e-09,0.044667073
0.795,0.845,2.391288833614169e-10,5.6192720615522156e-11,0.04465023
