xmin,xmax,xmin_score,xmax_score,iou_score
0.875,0.915,1.0,1.0,0.7862675
0.125,0.165,0.045254457741975784,2.614691241298317e-10,0.04694604
0.165,0.205,2.614691241298317e-10,1.842817098918204e-08,0.04465023
0.305,0.34500000000000003,2.8396942752806353e-07,3.807267435346207e-12,0.04465023
0.605,0.645,4.631467709348414e-10,4.1994911020859504e-11,0.042956516
0.045,0.085,6.5161818163517166e-09,3.093590921626755e-13,0.04465034
0.755,0.795,5.3873305494262005e-18,9.040095755308286e-11,0.04465023
0.005,0.045,6.892044486931628e-35,6.5161818163517166e-09,0.044651233
