xmin,xmax,xmin_score,xmax_score,iou_score
0.905,0.945,7.552310853498057e-05,7.727803813528665e-11,0.04465059
0.065,0.105,6.5025157480747e-10,1.481701012698202e-14,0.045368675
0.315,0.35500000000000004,5.595373340008813e-13,1.1236091892164287e-16,0.04465023
0.545,0.595,1.085308708945845e-28,1.3245861524493345e-17,0.044650257
0.945,0.995,7.727803813528665e-11,0.0,0.04465021
