xmin,xmax,xmin_score,xmax_score,iou_score
0.555,0.605,0.9999042749404908,1.0,0.8029861
0.615,0.655,1.0,1.1490340039579965e-19,0.04458754
0.805,0.855,3.8719508155260485e-10,5.020666499731818e-13,0.04465023
0.035,0.07500000000000001,6.553865252150597e-14,1.9105794420506967e-13,0.044624567
0.215,0.255,6.365596418034246e-12,1.0851584726829543e-15,0.04465023
0.935,0.985,2.447154024559639e-12,1.3666126728359523e-24,0.31123266
0.155,0.195,3.311210363896961e-33,2.136678854680607e-11,0.043833505
