xmin,xmax,xmin_score,xmax_score,iou_score
0.765,0.805,1.0,1.0,0.7856268
0.615,0.655,1.0,1.1200100846764374e-09,0.044885933
0.365,0.405,2.4378785212775256e-08,1.1350824280498273e-07,0.044650268
0.045,0.085,4.278530654766577e-11,3.384507165629312e-14,0.04465023
0.005,0.045,0.0,4.278530654766577e-11,0.04465023
