xmin,xmax,xmin_score,xmax_score,iou_score
0.305,0.34500000000000003,0.005102455150336027,1.0,0.044599
0.015,0.055,1.817738315423867e-08,1.0496495166101294e-11,0.04465023
0.055,0.095,1.0496495166101294e-11,1.2032279469650908e-12,0.044650257
0.095,0.135,1.2032279469650908e-12,4.0404424496095787e-16,0.04465023
