xmin,xmax,xmin_score,xmax_score,iou_score
0.895,0.935,1.4151909510928815e-07,7.567447779521783e-10,0.04465023
0.5750000000000001,0.625,9.191490235593848e-09,1.1351700422755975e-13,0.04465023
0.7050000000000001,0.755,6.74594338723189e-11,2.8990249870824983e-12,0.04465051
0.035,0.07500000000000001,3.825947371416393e-12,4.1259430225669413e-13,0.04477148
0.535,0.5750000000000001,2.2509021693882194e-18,9.191490235593848e-09,0.04465023
0.14500000000000002,0.195,5.345414018918023e-15,2.69979406432102e-15,0.04465023
0.055,0.095,2.24427816825426e-15,2.260103284807812e-15,0.044757623
