xmin,xmax,xmin_score,xmax_score,iou_score
0.915,0.955,1.0,1.0,0.044536356
0.845,0.885,0.9981656670570374,0.9746305346488952,0.53757
0.785,0.8250000000000001,8.962216213603824e-08,0.6247985363006592,0.06193365
0.655,0.6950000000000001,2.8927011896939803e-08,1.0,0.04710946
0.095,0.135,2.5337366431436035e-15,4.0335943919242535e-21,0.04465018
