xmin,xmax,xmin_score,xmax_score,iou_score
0.045,0.085,0.0005090158083476126,0.006735385861247778,0.12531725
0.305,0.34500000000000003,2.3161728425095474e-15,1.0,0.044599
0.915,0.955,1.0,1.2778802292656886e-27,0.04465023
0.005,0.045,5.979284028983293e-35,0.0005090158083476126,0.04465023
0.585,0.625,1.5337844968776296e-15,4.2635190635550045e-25,0.04465023
0.435,0.475,1.726361804949529e-16,8.855627505083562e-30,0.04465023
