xmin,xmax,xmin_score,xmax_score,iou_score
0.305,0.34500000000000003,1.0,1.0,0.7862675
0.765,0.805,0.9993377327919006,1.0,0.042742524
0.915,0.955,1.0,0.9987560510635376,0.5222606
0.195,0.235,3.504029422174426e-08,4.234022234409444e-17,0.04465023
0.595,0.635,5.1724523969509655e-11,5.594487180492143e-17,0.04465023
0.665,0.7050000000000001,1.4220024058614268e-15,4.509281538661938e-15,0.04465023
0.375,0.415,2.2594999855911303e-15,2.795538047220564e-19,0.04465023
0.525,0.5650000000000001,8.9199403072171e-12,4.038576559722591e-24,0.04465023
0.505,0.545,6.579345196485521e-35,3.7366498644557e-19,0.04465023
