xmin,xmax,xmin_score,xmax_score,iou_score
0.215,0.255,1.0,1.0,0.7856267
0.125,0.165,1.0,1.8905474288973008e-17,0.04465023
