xmin,xmax,xmin_score,xmax_score,iou_score
0.165,0.205,1.0,1.0,0.7862675
0.725,0.765,1.0,1.0,0.78626746
0.915,0.955,0.0002036295627476648,1.6106463385234804e-11,0.36403182
0.535,0.5750000000000001,1.4852878926774338e-08,2.8945701629860826e-13,0.04464837
