xmin,xmax,xmin_score,xmax_score,iou_score
0.315,0.35500000000000004,1.0,1.0,0.7862675
0.635,0.675,1.0,1.0,0.7862675
0.585,0.625,1.8022844869847177e-06,1.0,0.04459901
0.365,0.405,1.0,1.4856284605291314e-11,0.04458754
0.055,0.095,1.0188373380515259e-06,1.4662304641363706e-14,0.04465023
0.095,0.135,1.4662304641363706e-14,1.0890786050765655e-09,0.04465023
0.245,0.28500000000000003,7.815385671960941e-09,6.279854949834925e-34,0.044654664
