xmin,xmax,xmin_score,xmax_score,iou_score
0.525,0.5650000000000001,1.0,1.0,0.7861222
0.155,0.195,6.984019612632508e-11,1.386957836448967e-14,0.04465023
0.755,0.795,8.150706498621929e-11,2.970147287568569e-15,0.04465023
0.875,0.915,6.544812691799962e-09,1.2002445308873508e-23,0.04465848
0.045,0.085,1.6134076058748153e-21,2.193708607237284e-14,0.04465023
0.005,0.045,4.407799127447845e-30,1.6134076058748153e-21,0.04465023
