xmin,xmax,xmin_score,xmax_score,iou_score
0.895,0.935,1.0,1.0,0.7862675
0.845,0.885,3.4749359656416345e-06,1.0,0.044599
0.775,0.8150000000000001,7.005881798249902e-06,9.450205985046983e-15,0.04465023
0.625,0.665,9.952373994370768e-12,1.2993217612944363e-12,0.04465023
0.435,0.475,5.89034554465684e-09,4.598630999354599e-19,0.04465019
0.005,0.045,6.625575357926679e-16,1.6358545735131194e-21,0.19973859
0.245,0.28500000000000003,7.146023409919961e-31,7.27971793902573e-15,0.04465023
