xmin,xmax,xmin_score,xmax_score,iou_score
0.235,0.275,1.0,1.0,0.7465329
0.165,0.205,5.148224511627997e-13,1.9250216036761022e-16,0.044442438
0.105,0.14500000000000002,1.0252984471951471e-20,3.774695139791007e-11,0.044650238
0.065,0.105,3.788271363051778e-20,1.0252984471951471e-20,0.04466518
