xmin,xmax,xmin_score,xmax_score,iou_score
0.155,0.195,0.998080849647522,1.0,0.7852302
0.195,0.235,1.0,3.6330273099800796e-14,0.042734902
