xmin,xmax,xmin_score,xmax_score,iou_score
0.305,0.34500000000000003,1.0,1.0,0.7862675
0.215,0.255,0.9990696310997008,1.8533431733747108e-11,0.04465281
0.505,0.545,1.0,1.2279775449524494e-14,0.042734884
0.005,0.045,0.002102514496073127,9.422677482023858e-13,0.044650402
0.615,0.655,3.877329013413089e-11,5.2670316049910816e-18,0.04465023
0.655,0.6950000000000001,5.2670316049910816e-18,1.0502600799813673e-15,0.04465023
