xmin,xmax,xmin_score,xmax_score,iou_score
0.645,0.685,1.0,0.9999990463256836,0.7742155
0.595,0.635,0.038482479751110084,1.0,0.6665961
0.235,0.275,5.5425009200249525e-12,1.535725158152701e-10,0.0446547
0.305,0.34500000000000003,2.529472301265585e-19,0.001855525188148021,0.04465023
0.915,0.955,3.837135904155575e-12,4.721529157231119e-13,0.044651646
0.095,0.135,1.4788696882741015e-21,1.136136962287537e-08,0.22972438
