xmin,xmax,xmin_score,xmax_score,iou_score
0.885,0.925,1.0,0.9999955892562866,0.7862669
0.595,0.635,0.999775230884552,1.0,0.5904451
0.845,0.885,3.5596131056081504e-05,1.0,0.04737081
0.755,0.795,0.20385180413722992,2.4773738616090672e-09,0.044650126
0.425,0.465,1.0,9.673088729073324e-16,0.04273512
0.635,0.675,1.0,1.287751178750357e-26,0.04458754
