xmin,xmax,xmin_score,xmax_score,iou_score
0.245,0.28500000000000003,0.9999991655349731,1.0,0.78626746
0.105,0.14500000000000002,1.4741817792526812e-12,7.986057426023763e-06,0.04465023
0.715,0.755,4.025351429959301e-08,2.872873127242101e-18,0.04465216
0.635,0.675,5.199940768908307e-15,9.388276614452627e-12,0.045473933
0.065,0.105,1.4870134559638276e-24,1.4741817792526812e-12,0.04465023
