xmin,xmax,xmin_score,xmax_score,iou_score
0.025,0.065,1.1063112213339443e-17,4.3244153917487704e-12,0.22959943
0.005,0.045,0.0,1.0,0.6620328
