xmin,xmax,xmin_score,xmax_score,iou_score
0.335,0.385,1.0,1.0,0.80335945
0.295,0.335,1.02106145760672e-09,1.0,0.047112115
0.135,0.185,0.0001673237857175991,7.737803453533587e-11,0.18521562
0.655,0.6950000000000001,1.8257810818766984e-09,1.674758387526509e-10,0.045263797
0.845,0.885,0.00027344244881533086,2.7014148455287734e-20,0.044649344
0.245,0.295,1.0487948188617354e-15,1.02106145760672e-09,0.044650108
0.005,0.045,2.137793553108254e-28,1.908530222749505e-08,0.044650532
