xmin,xmax,xmin_score,xmax_score,iou_score
0.505,0.545,0.9999653100967408,1.0,0.78626037
0.885,0.925,2.2600120885840624e-08,5.50106564033842e-13,0.0446933
0.015,0.055,1.0,1.404969956938965e-29,0.042742375
0.295,0.335,6.357914458880812e-22,2.303694778341137e-12,0.04465045
0.315,0.35500000000000004,1.4134509932606106e-24,1.538266889355381e-15,0.04465023
0.665,0.7050000000000001,6.642396176425907e-26,4.723361492783938e-15,0.04465023
