xmin,xmax,xmin_score,xmax_score,iou_score
0.885,0.925,1.0,1.0,0.7862675
0.155,0.195,0.9999634027481079,0.011200441978871822,0.7382782
0.735,0.775,1.0,1.7645268926558266e-11,0.04458754
0.225,0.265,1.2629016055143438e-07,4.983495455235243e-05,0.04465023
0.845,0.885,8.558348901256933e-16,1.0,0.04710946
0.595,0.635,3.2403224717697934e-18,4.680309757532086e-07,0.044649996
0.315,0.35500000000000004,2.6639356952989912e-12,8.386803553614254e-15,0.04465023
