xmin,xmax,xmin_score,xmax_score,iou_score
0.915,0.955,0.7911468148231506,0.00020275446877349168,0.7136041
0.745,0.785,1.0,4.231680941302329e-05,0.18161361
0.785,0.8250000000000001,4.231680941302329e-05,1.0894307157782725e-11,0.044650484
0.665,0.7050000000000001,2.4002287923050383e-16,0.9171926379203796,0.05006872
0.535,0.5750000000000001,1.4297582215383464e-12,7.177118277468253e-06,0.04465023
0.495,0.535,1.3313396038938663e-06,1.4297582215383464e-12,0.04465023
0.165,0.205,5.287964944394874e-12,5.3796172093281526e-15,0.04465023
0.425,0.465,2.697127425636399e-23,3.4557995354234095e-10,0.04465023
