xmin,xmax,xmin_score,xmax_score,iou_score
0.425,0.465,1.0,1.0,0.78625596
0.375,0.415,6.935625576458271e-13,1.0,0.044599
0.665,0.7050000000000001,7.545513693030248e-13,1.1686837808611016e-07,0.04465023
0.895,0.935,1.5729798877206383e-16,0.00017476631910540164,0.04465023
0.755,0.795,1.1768253472405066e-12,1.7913136252101225e-10,0.044666708
0.595,0.635,4.789131483555865e-15,1.8590970505671242e-14,0.04465023
