xmin,xmax,xmin_score,xmax_score,iou_score
0.215,0.255,1.0,1.0,0.7862675
0.675,0.725,1.4038209483757671e-10,5.173039330230722e-09,0.29847503
0.545,0.595,2.889834376366995e-15,0.0001647217432036996,0.044650238
0.165,0.205,1.08384845583841e-20,1.0,0.044599
0.865,0.905,3.659558073243474e-11,1.3313887319010842e-11,0.04465023
0.435,0.475,4.857518488497455e-16,8.038716555080183e-17,0.04465023
0.125,0.165,7.99864964674379e-16,1.08384845583841e-20,0.04465023
