xmin,xmax,xmin_score,xmax_score,iou_score
0.525,0.5650000000000001,1.0,1.0,0.7862674
0.595,0.635,0.0989341288805008,1.5764842828502885e-05,0.045145713
0.015,0.055,7.114656086493197e-10,1.7343326774721394e-08,0.04465023
0.635,0.675,1.5764842828502885e-05,5.465177137259023e-19,0.044650096
0.305,0.34500000000000003,4.613899662331279e-08,9.811434089378211e-26,0.04465021
