xmin,xmax,xmin_score,xmax_score,iou_score
0.775,0.8150000000000001,1.0,1.0,0.7862675
0.595,0.635,0.9666060209274292,0.9999976158142092,0.782709
0.735,0.775,2.368936602437089e-09,1.0,0.04710946
0.655,0.6950000000000001,2.6241121986458893e-07,5.4783077380049505e-11,0.044649903
0.495,0.535,3.758967181966e-07,1.3809091673963603e-12,0.04465023
0.245,0.28500000000000003,1.0255145682927042e-16,3.363442738191225e-05,0.04465029
0.885,0.925,2.941650465479864e-17,8.479231357650752e-21,0.04465023
0.005,0.045,1.9520029601014508e-33,3.5501261652637346e-11,0.04465023
