xmin,xmax,xmin_score,xmax_score,iou_score
0.585,0.625,1.0,1.0,0.7862675
0.065,0.105,7.446189775883738e-10,1.0,0.04465023
0.305,0.34500000000000003,2.3807052122664187e-16,1.0,0.047109444
0.655,0.6950000000000001,9.734338335398718e-11,3.524359613038541e-07,0.04469907
0.225,0.265,3.742918598823314e-31,1.8237343510918442e-06,0.04465023
0.185,0.225,1.574158961818381e-13,3.742918598823314e-31,0.04465023
