xmin,xmax,xmin_score,xmax_score,iou_score
0.605,0.645,1.0,1.0,0.7862675
0.435,0.475,0.002810837468132377,4.14687000016567e-11,0.04465023
0.895,0.935,2.6645772394084947e-11,1.5019485317679937e-06,0.04465023
0.295,0.335,6.725842756002964e-13,1.3506293726095466e-05,0.04466984
0.515,0.555,2.3999444653810546e-09,2.0818369001352616e-13,0.04465023
0.235,0.275,8.026114872038245e-19,3.177126563969068e-05,0.04465023
0.645,0.685,1.0,5.372749913970056e-29,0.042734884
0.795,0.8350000000000001,1.2213766740761048e-36,1.9765299677599627e-23,0.04465023
