xmin,xmax,xmin_score,xmax_score,iou_score
0.625,0.665,2.905507926698192e-06,0.00029147695749998087,0.04529887
0.775,0.8150000000000001,0.00027378910453990096,2.351205239392584e-06,0.044649996
0.735,0.775,1.9519409022450413e-07,0.00027378910453990096,0.044986453
0.845,0.885,1.0,1.1568523577780952e-14,0.04465023
0.315,0.35500000000000004,6.392936170776509e-16,1.0,0.04710946
0.585,0.625,1.8745354227189814e-11,2.905507926698192e-06,0.04465023
0.215,0.255,4.3381627619965e-05,2.875530759685607e-13,0.04465023
0.155,0.195,1.8114015570434767e-15,1.0101286473940265e-09,0.04465023
0.915,0.955,7.484063254419825e-29,2.7147583119246172e-30,0.04465023
