xmin,xmax,xmin_score,xmax_score,iou_score
0.645,0.685,1.0,0.999922513961792,0.78626657
0.535,0.5750000000000001,5.85135653919191e-16,1.2062505660992429e-08,0.044650257
0.755,0.795,1.432386499933883e-20,2.245365635644703e-07,0.04465023
0.425,0.465,4.323946494637961e-15,2.145096708768001e-13,0.044650268
0.715,0.755,6.881390568480582e-09,1.432386499933883e-20,0.04465023
