xmin,xmax,xmin_score,xmax_score,iou_score
0.425,0.465,1.0,0.9999451637268066,0.7862675
0.905,0.945,1.0,1.7421829312525006e-08,0.044650108
0.865,0.905,1.5050021992535356e-11,1.0,0.04465023
0.635,0.675,4.485664462094974e-08,1.1403375310692354e-06,0.044650268
0.615,0.655,9.212412237502576e-07,9.219766616830326e-10,0.04465029
0.745,0.785,4.708728962299347e-10,1.5110751538927047e-10,0.04465023
0.505,0.545,2.8529591133974463e-08,7.027385943124409e-13,0.04465023
0.015,0.055,5.184079145234729e-14,2.339789603386655e-12,0.04465023
0.245,0.28500000000000003,1.2090304767135547e-16,6.317001782774057e-11,0.04465023
