xmin,xmax,xmin_score,xmax_score,iou_score
0.775,0.8150000000000001,1.0,1.0,0.7862675
0.525,0.5650000000000001,1.0195710729021812e-06,1.2541076443994825e-07,0.044650555
0.215,0.255,4.545725639437323e-14,1.5444462375668875e-09,0.044650484
0.435,0.475,3.4355512908808675e-21,7.425811418215744e-06,0.044650257
0.315,0.35500000000000004,1.3029054952702572e-19,1.7324774427562857e-12,0.04465023
