xmin,xmax,xmin_score,xmax_score,iou_score
0.915,0.965,1.0,0.9999841451644896,0.6549212
0.915,0.955,1.0,0.9946547746658324,0.7862675
0.035,0.07500000000000001,1.0689523151086178e-05,2.81218632380842e-07,0.04465032
0.495,0.535,1.2664993676025915e-07,6.453506529169317e-08,0.04465023
0.095,0.135,1.1295622215357072e-07,3.119600758272334e-11,0.04470921
0.515,0.555,1.3289232046612488e-14,5.954050266154809e-07,0.044651814
0.595,0.635,2.3335880450225943e-10,7.692548880265031e-16,0.04465023
