xmin,xmax,xmin_score,xmax_score,iou_score
0.235,0.275,5.903523742745166e-06,1.1239976061006018e-08,0.04465023
0.635,0.675,4.719017621113153e-09,2.532944165523077e-07,0.04465023
0.305,0.34500000000000003,1.8450005256909202e-07,2.0059466587785124e-10,0.044650238
0.735,0.775,2.6515376699842715e-11,1.5187698321206256e-10,0.04465023
0.595,0.635,2.859243603599988e-13,4.719017621113153e-09,0.04465023
0.865,0.905,6.9181552451796036e-18,1.2170389140919724e-07,0.044650238
0.025,0.065,2.485935830766487e-21,4.059601224071229e-07,0.044650238
