xmin,xmax,xmin_score,xmax_score,iou_score
0.185,0.225,1.0,1.0,0.7862675
0.485,0.525,1.0,1.0,0.7862675
0.225,0.265,1.0,2.404608734352109e-09,0.042734884
0.525,0.5650000000000001,1.0,1.3124192010938174e-10,0.042734884
0.015,0.055,7.843546367958254e-10,7.277729634214138e-12,0.044650156
0.875,0.915,3.1720094995080224e-08,2.868383372856898e-16,0.044650238
