xmin,xmax,xmin_score,xmax_score,iou_score
0.005,0.045,1.7792518901946812e-26,1.0,0.04710946
