xmin,xmax,xmin_score,xmax_score,iou_score
0.655,0.6950000000000001,5.023398797626699e-12,1.0,0.04710946
0.315,0.35500000000000004,0.00015807210002094507,6.613934478253441e-16,0.04465023
0.065,0.105,2.391487541331116e-08,1.83224659403014e-12,0.04465023
0.125,0.165,2.347639660796319e-12,1.1824514978275855e-10,0.04465023
0.105,0.14500000000000002,1.83224659403014e-12,1.4891754496204612e-10,0.04465023
0.505,0.545,4.555861937705074e-11,6.834414761555663e-14,0.04465023
0.765,0.805,2.7314912321870028e-24,1.6906514480363464e-19,0.04465023
