xmin,xmax,xmin_score,xmax_score,iou_score
0.505,0.545,1.0,1.0,0.78626746
0.645,0.685,0.9959214925765992,0.9999854564666748,0.7857982
0.365,0.405,1.0,7.078745922761698e-10,0.04465035
0.785,0.8250000000000001,1.4715550826494008e-12,3.974942686113536e-08,0.04465019
0.915,0.955,2.814912406358221e-15,2.2536029931075063e-08,0.04465023
0.875,0.915,2.816991258314249e-11,2.814912406358221e-15,0.04465023
0.525,0.5650000000000001,2.339750960583953e-37,0.006001717876642942,0.22972083
