xmin,xmax,xmin_score,xmax_score,iou_score
0.625,0.665,1.0,0.9997038245201112,0.78626585
0.485,0.525,1.0,1.643586188038171e-06,0.04465023
0.225,0.265,1.0131332621801659e-12,7.129867529709344e-11,0.04465023
0.185,0.225,1.702590741968977e-21,1.0131332621801659e-12,0.04465023
0.755,0.795,2.7041477755495746e-27,3.009044251293513e-32,0.04465023
