xmin,xmax,xmin_score,xmax_score,iou_score
0.535,0.5750000000000001,1.0,1.0,0.7862675
0.625,0.665,7.700550668232609e-06,2.923515967268031e-05,0.04465019
0.715,0.755,0.00191617279779166,1.883810618608095e-08,0.044650238
0.485,0.525,2.1721025585813567e-13,1.0,0.0448376
0.155,0.195,6.313258428406258e-14,6.761678348309039e-13,0.04465023
0.005,0.045,1.7000400507915762e-36,2.154474598725642e-09,0.04465023
