xmin,xmax,xmin_score,xmax_score,iou_score
0.605,0.645,1.0,1.0,0.59047025
0.025,0.065,0.9999912977218628,1.0,0.7862631
0.295,0.335,1.0,1.5202571731869063e-13,0.042734884
0.005,0.045,1.0,4.0998408831899695e-18,0.33448702
0.215,0.255,4.051962002049479e-21,1.0,0.04710946
0.645,0.685,1.0,6.004216000045345e-29,0.04458754
0.845,0.885,2.960762215806364e-23,1.726667697710127e-09,0.2297207
0.155,0.195,7.72665954980524e-32,3.37853714014644e-20,0.04465023
0.135,0.17500000000000002,8.204617316091108e-32,5.6573279932758815e-31,0.04465023
