xmin,xmax,xmin_score,xmax_score,score,match_iou,match_ioa
0.165,0.20500000000000002,0.007297979202121495,7.438971039164244e-08,5.428945592900478e-10,0.0,0.0
0.185,0.225,1.0594090882332094e-10,5.825527837899357e-10,6.171617135226138e-20,0.0,0.0
0.585,0.625,3.5364134873816515e-06,1.4063633189189155e-15,4.973482209183676e-21,0.0,0.0
0.365,0.405,5.400121539170244e-13,5.5581770297408176e-09,3.001483149682468e-21,0.0,0.0
0.735,0.775,0.8645218014717102,1.323866549290422e-28,1.1445114941006924e-28,0.0,0.0
0.915,0.9550000000000001,5.324314274835238e-36,2.629337814141764e-07,1.3999420857199075e-42,0.0,0.0
