xmin,xmax,xmin_score,xmax_score,score,match_iou,match_ioa
0.885,0.925,0.9887542724609376,0.989491045475006,0.9783634987752521,0.0,0.0
0.935,0.985,0.9258340001106262,1.0,0.9258340001106262,0.8181818181818178,0.8999999999999998
0.135,0.17500000000000002,1.0,1.4083350681269508e-28,1.4083350681269508e-28,0.0,0.0
0.525,0.5650000000000001,3.750910494612061e-15,1.6071032717452678e-16,6.028100527914704e-31,0.0,0.0
0.595,0.635,9.167026188373843e-25,4.034443785994046e-12,3.698385184172954e-36,0.0,0.0
0.805,0.855,2.716031184227461e-31,9.146783885860543e-10,2.4842950269386467e-40,0.0,0.0
