xmin,xmax,xmin_score,xmax_score,score,match_iou,match_ioa
0.07500000000000001,0.125,1.0,4.442592263032355e-14,4.442592263032355e-14,0.0,0.0
0.375,0.41500000000000004,0.00012221059296280146,1.7138692071780512e-15,2.0945297206991605e-19,0.0,0.0
0.10500000000000001,0.155,3.546460458636602e-09,4.932611610830584e-12,1.7493312035622462e-20,0.0,0.0
0.325,0.375,3.4332637558548296e-17,0.00012221059296280146,4.195811994007135e-21,0.0,0.0
0.195,0.23500000000000001,5.3627485614184716e-17,1.730188330384408e-07,9.27856497975201e-24,0.0,0.0
0.155,0.195,4.932611610830584e-12,5.3627485614184716e-17,2.6452355820017762e-28,0.0,0.0
0.8250000000000001,0.875,5.69415590234712e-07,5.22870600231069e-29,2.977306714469523e-35,0.0,0.0
0.005,0.055,5.332827041318956e-30,2.015847775163615e-12,1.0750167526575182e-41,0.5384615384615385,0.7000000000000001
