xmin,xmax,xmin_score,xmax_score,score,match_iou,match_ioa
0.715,0.755,1.0,1.0,1.0,0.7777777777777778,0.875
0.595,0.635,1.0,0.00034105140366591513,0.00034105140366591513,0.0,0.0
0.915,0.9550000000000001,8.940392371738215e-13,0.9998187422752379,8.938771856558434e-13,0.07692307692307876,0.12500000000000278
0.034999999999999996,0.07500000000000001,1.783953030871227e-13,1.4557340888288195e-09,2.5969612399087366e-22,0.0,0.0
0.365,0.405,1.7777887485975839e-16,1.0820189326562472e-19,1.923601084245843e-35,0.0,0.0
