xmin,xmax,xmin_score,xmax_score,score,match_iou,match_ioa
0.095,0.135,1.0,1.0,1.0,0.7777777777777777,0.8749999999999999
0.245,0.28500000000000003,0.9995187520980836,0.999979853630066,0.9994986154235479,0.7777777777777778,0.875
0.845,0.885,1.2201295746319674e-12,3.3009869184752465e-06,4.0276317647048915e-18,0.0,0.0
0.735,0.775,8.78860265812742e-12,7.216998665349195e-10,6.3427333653989976e-21,0.0,0.0
0.605,0.645,3.0780430648746915e-08,2.996769024881004e-14,9.224184114066266e-22,0.0,0.0
0.435,0.47500000000000003,4.113274323469357e-14,1.3215751091405232e-14,5.436000962963927e-28,0.0,0.0
