xmin,xmax,xmin_score,xmax_score,score,match_iou,match_ioa
0.525,0.5650000000000001,1.0,1.0,1.0,0.7777777777777778,0.875
0.745,0.785,1.0,1.0,1.0,0.7777777777777778,0.875
0.855,0.895,0.007729103323072195,3.890648804372177e-05,3.007122660277986e-07,0.0,0.0
0.375,0.41500000000000004,1.551460515614167e-09,1.0,1.551460515614167e-09,0.06666666666666746,0.1250000000000014
0.305,0.34500000000000003,2.161162582225984e-09,0.00023506900470238184,5.080223372038915e-13,0.0,0.0
0.895,0.935,3.890648804372177e-05,2.7471358427732554e-23,1.068814078213372e-27,0.0,0.0
0.215,0.255,5.517661726930675e-23,7.2206394509388705e-12,3.984104594241113e-34,0.0,0.0
0.025,0.065,1.264223805301135e-16,3.553605385576248e-24,4.492552523091811e-40,0.0,0.0
0.005,0.045,0.0,7.901341247951167e-10,0.0,0.0,0.0
