xmin,xmax,xmin_score,xmax_score,score,match_iou,match_ioa
0.095,0.135,1.0,0.9125264883041382,0.9125264883041382,0.7777777777777777,0.8749999999999999
0.135,0.17500000000000002,0.9125264883041382,1.7895008479399476e-21,1.632966924587918e-21,0.0,0.0
0.005,0.045,4.329840319291547e-14,3.619419217462672e-12,1.5671507260188536e-25,0.0,0.0
