xmin,xmax,xmin_score,xmax_score,score,match_iou,match_ioa
0.10500000000000001,0.14500000000000002,1.0,0.9999998807907104,0.9999998807907104,0.7777777777777777,0.8749999999999999
0.055,0.095,9.270084255774691e-09,1.0,9.270084255774691e-09,0.0,0.0
0.225,0.265,2.3489838180519875e-19,1.0,2.3489838180519875e-19,0.0,0.0
