xmin,xmax,xmin_score,xmax_score,score,match_iou,match_ioa
0.165,0.20500000000000002,1.0,0.9999998807907104,0.9999998807907104,0.7777777777777777,0.8749999999999999
0.005,0.045,6.136310598746875e-16,1.9273146634191107e-08,1.1826601396258954e-23,0.0,0.0
0.095,0.135,2.007937592708377e-17,3.584037884873022e-21,7.196524402727559e-38,0.0,0.0
