xmin,xmax,xmin_score,xmax_score,score,match_iou,match_ioa
0.045,0.085,1.0,1.0,1.0,0.7777777777777778,0.8749999999999999
0.515,0.555,1.0,1.0,1.0,0.7777777777777778,0.875
0.845,0.885,1.0,1.0,1.0,0.7777777777777778,0.875
0.585,0.625,6.548070359713165e-06,8.766303949414578e-08,5.740237505539805e-13,0.0,0.0
0.365,0.405,0.15483495593070984,1.3241071650585412e-12,2.0501807454937637e-13,0.0,0.0
0.225,0.265,3.2189375609448234e-09,4.3019381337217055e-06,1.3847670243497672e-14,0.0,0.0
0.715,0.755,1.1814436928769823e-10,1.582324965498927e-10,1.8694278505704957e-20,0.0,0.0
0.005,0.045,8.470318781505584e-26,1.0,8.470318781505584e-26,0.06666666666666662,0.12499999999999993
