xmin,xmax,xmin_score,xmax_score,score,match_iou,match_ioa
0.125,0.165,0.9998229146003724,1.0,0.9998229146003724,0.7777777777777777,0.8749999999999999
