xmin,xmax,xmin_score,xmax_score,score,match_iou,match_ioa
0.745,0.785,1.0,1.0,1.0,0.7777777777777778,0.875
0.525,0.5650000000000001,4.2814325418305535e-09,0.007088733371347189,3.0349933736446063e-11,0.0,0.0
0.665,0.7050000000000001,6.071233542570553e-07,1.7646152594696931e-10,1.0713391353024241e-16,0.0,0.0
0.23500000000000001,0.275,1.3253631048551484e-12,2.09072732104687e-06,2.7709728536281666e-18,0.0,0.0
0.485,0.525,7.781712774157512e-12,4.2814325418305535e-09,3.3316878302456485e-20,0.0,0.0
0.625,0.665,1.1870151650061052e-19,6.071233542570553e-07,7.206646285324986e-26,0.0,0.0
0.605,0.645,3.8071378018604647e-19,1.5958139757549228e-12,6.075483711833806e-31,0.0,0.0
0.005,0.045,0.0,6.365219746840012e-07,0.0,0.0,0.0
