xmin,xmax,xmin_score,xmax_score,score,match_iou,match_ioa
0.125,0.165,1.0,0.9880181550979614,0.9880181550979614,0.7777777777777777,0.8749999999999999
0.025,0.065,2.8589013684079777e-16,4.926559507567596e-11,1.4084547717728333e-26,0.0,0.0
0.005,0.045,0.0,1.8155107256288437e-15,0.0,0.0,0.0
