xmin,xmax,xmin_score,xmax_score,score,match_iou,match_ioa
0.015,0.055,1.0,1.0,1.0,0.5555555555555556,0.625
0.585,0.625,0.9878815412521362,0.9999997615814208,0.9878813057228227,0.7777777777777778,0.875
0.315,0.35500000000000004,0.14090251922607422,4.668301301080646e-08,6.5777541382862304e-09,0.0,0.0
0.655,0.6950000000000001,1.1247140024872593e-10,6.107457738835365e-05,6.869143238467309e-15,0.0,0.0
0.905,0.9450000000000001,0.9997671246528624,1.639257039469735e-16,1.6388752969176208e-16,0.0,0.0
0.005,0.045,8.061656044132803e-32,1.0,8.061656044132803e-32,0.75,0.75
