xmin,xmax,xmin_score,xmax_score,score,match_iou,match_ioa
0.055,0.095,0.9893524646759032,9.940362133420422e-07,9.834521776470513e-07,0.0,0.0
0.905,0.9450000000000001,1.1970265375433038e-14,0.9999992847442628,1.1970256813632052e-14,0.0,0.0
0.015,0.055,1.0854358759731805e-15,0.9893524646759032,1.073878659141714e-15,0.4545454545454546,0.625
0.23500000000000001,0.275,4.736254621334181e-18,0.0001997394865611568,9.460170662881955e-22,0.0,0.0
0.755,0.795,8.343075674765997e-10,7.788471051930589e-19,6.497980337698123e-28,0.0,0.0
0.775,0.8150000000000001,1.4050481613019606e-17,1.5004800719520088e-14,2.1082467661664034e-31,0.0,0.0
0.795,0.8350000000000001,7.788471051930589e-19,3.411203179790285e-17,2.656805721805021e-35,0.0,0.0
0.005,0.045,0.0,0.8216162323951721,0.0,0.7777777777777779,0.8750000000000001
