xmin,xmax,xmin_score,xmax_score,score,match_iou,match_ioa
0.875,0.915,1.0,0.9999840259552002,0.9999840259552002,0.7777777777777778,0.875
0.375,0.41500000000000004,2.170021070924122e-05,1.0,2.170021070924122e-05,0.07692307692307784,0.1250000000000014
0.034999999999999996,0.07500000000000001,0.7244577407836914,3.116401785518974e-06,2.257701396911338e-06,0.0,0.0
0.775,0.8150000000000001,1.1821145191187599e-12,2.797457732128805e-08,3.3069154017704985e-20,0.0,0.0
