xmin,xmax,xmin_score,xmax_score,score,match_iou,match_ioa
0.065,0.10500000000000001,1.0,1.0,1.0,0.7777777777777777,0.8749999999999999
0.635,0.675,0.9999992847442628,1.0,0.9999992847442628,0.7777777777777778,0.875
0.10500000000000001,0.14500000000000002,1.0,1.4380341535613628e-12,1.4380341535613628e-12,0.0,0.0
0.015,0.055,4.2531352350792153e-19,1.0,4.2531352350792153e-19,0.0,0.0
0.165,0.20500000000000002,8.959738551084229e-08,1.0806882430689302e-16,9.682684113128177e-24,0.0,0.0
0.23500000000000001,0.275,1.285619560028456e-13,2.858422049403786e-12,3.6748432975301325e-25,0.0,0.0
0.515,0.555,1.6777097408521696e-22,3.230155181270599e-17,5.4192628120817896e-39,0.0,0.0
