xmin,xmax,xmin_score,xmax_score,score,match_iou,match_ioa
0.155,0.195,1.0,1.0,1.0,0.7777777777777777,0.8749999999999999
0.10500000000000001,0.14500000000000002,0.0013192626647651196,1.0,0.0013192626647651196,0.0,0.0
0.015,0.055,1.3421827939428393e-13,4.174184448713493e-26,5.6025185458070264e-39,0.0,0.0
