xmin,xmax,xmin_score,xmax_score,score,match_iou,match_ioa
0.155,0.195,1.2660874630735517e-15,2.3883831801185806e-08,3.0239020013638754e-23,0.0,0.0
0.375,0.41500000000000004,2.439445129946096e-20,7.826621185813565e-06,1.909261293566584e-25,0.0,0.0
