xmin,xmax,xmin_score,xmax_score,score,match_iou,match_ioa
0.665,0.7050000000000001,0.9999991655349731,1.0,0.9999991655349731,0.7777777777777753,0.8749999999999972
0.8150000000000001,0.865,1.0,0.9998929500579834,0.9998929500579834,0.8181818181818178,0.8999999999999998
0.7050000000000001,0.755,1.0,5.392966340878047e-05,5.392966340878047e-05,0.0,0.0
0.315,0.35500000000000004,2.069699256423974e-08,1.2231301527165785e-09,2.5315115675872443e-17,0.0,0.0
0.5650000000000001,0.615,4.008776421926541e-09,2.1492414514767692e-09,8.615828455707248e-18,0.0,0.0
0.375,0.41500000000000004,1.3952062595523618e-11,8.838644482977998e-09,1.233173210860885e-19,0.0,0.0
0.595,0.635,6.968596808268596e-15,1.6070583797045401e-06,1.119894189551036e-20,0.0,0.0
0.23500000000000001,0.275,1.9405353297424198e-15,9.771324860352593e-10,1.8961601109904622e-24,0.0,0.0
0.895,0.935,3.3380161698973176e-13,1.0559977329391792e-21,3.5249375079258894e-34,0.0,0.0
