xmin,xmax,xmin_score,xmax_score,score,match_iou,match_ioa
0.065,0.10500000000000001,1.0,1.0,1.0,0.7777777777777777,0.8749999999999999
0.015,0.055,1.5277633758775666e-12,1.0,1.5277633758775666e-12,0.0,0.0
