xmin,xmax,xmin_score,xmax_score,score,match_iou,match_ioa
0.715,0.755,1.0,1.0,1.0,0.7777777777777778,0.875
0.755,0.795,1.0,8.819950262456095e-17,8.819950262456095e-17,0.0,0.0
0.665,0.7050000000000001,6.697994921294022e-18,1.0,6.697994921294022e-18,0.0,0.0
0.215,0.255,3.6074372474104166e-05,2.895073910420473e-16,1.0443797458456943e-20,0.0,0.0
0.435,0.47500000000000003,4.106651658730698e-07,2.6701563041035057e-20,1.0965401815316891e-26,0.0,0.0
0.795,0.8350000000000001,8.819950262456095e-17,1.4521634491681396e-15,1.280800939461968e-31,0.0,0.0
0.015,0.055,2.1789173790991503e-14,7.2075211374136e-21,1.5704593066534967e-34,0.0,0.0
