xmin,xmax,xmin_score,xmax_score,score,match_iou,match_ioa
0.015,0.055,1.0,1.0,1.0,0.7777777777777779,0.8750000000000001
0.865,0.905,1.0,1.0,1.0,0.7777777777777778,0.875
0.295,0.335,3.468859921529344e-11,1.0,3.468859921529344e-11,0.06666666666666672,0.125
0.23500000000000001,0.275,2.28880298891454e-06,4.577939047810398e-13,1.0478000575697021e-18,0.0,0.0
0.625,0.665,0.0001251952489838004,2.6077717696566024e-15,3.2648063599508415e-19,0.0,0.0
0.125,0.165,7.247259042886256e-11,6.929427587287762e-10,5.0219356743996724e-20,0.0,0.0
0.165,0.20500000000000002,6.929427587287762e-10,4.9812081542865974e-12,3.45169212023363e-21,0.0,0.0
