xmin,xmax,xmin_score,xmax_score,score,match_iou,match_ioa
0.935,0.985,0.9998249411582948,1.0,0.9998249411582948,0.6363636363636356,0.6999999999999993
0.015,0.055,0.9994373917579652,1.0,0.9994373917579652,0.7777777777777779,0.8750000000000001
0.425,0.465,1.0332929173753611e-12,9.910897379476409e-14,1.0240860067047e-25,0.0,0.0
0.545,0.595,9.726083599528174e-14,3.8422437703255347e-14,3.736998411995248e-27,0.0,0.0
0.215,0.255,1.1027210394809472e-10,7.86253701077374e-18,8.670184985477838e-28,0.0,0.0
0.895,0.935,9.007061834362144e-31,0.9998249411582948,9.005485068550254e-31,0.06666666666666686,0.125
0.305,0.34500000000000003,6.833027964046639e-23,1.1078168411912323e-13,7.569743454901505e-36,0.0,0.0
