xmin,xmax,xmin_score,xmax_score,score,match_iou,match_ioa
0.195,0.23500000000000001,1.0,1.0,1.0,0.7777777777777777,0.8749999999999999
0.745,0.785,1.0,1.0,1.0,0.7777777777777778,0.875
0.005,0.045,1.0,4.340241360756281e-11,4.340241360756281e-11,0.0,0.0
0.915,0.9550000000000001,9.84346915089418e-09,5.565111704797232e-10,5.478000538745167e-18,0.0,0.0
0.515,0.555,2.8950217331909216e-14,1.6437007843705942e-07,4.758549493615835e-21,0.0,0.0
0.295,0.335,3.6361560429298834e-09,1.1856367667165137e-12,4.3111602940161e-21,0.0,0.0
