xmin,xmax,xmin_score,xmax_score,score,match_iou,match_ioa
0.425,0.465,1.0,1.0,1.0,0.7777777777777778,0.875
0.375,0.41500000000000004,9.719255261719795e-11,1.0,9.719255261719795e-11,0.0,0.0
0.5750000000000001,0.625,0.15835729241371155,1.532084328110736e-13,2.426167259490966e-14,0.0,0.0
0.025,0.065,1.112569129706198e-12,2.9991195638068286e-10,3.3367278429893953e-22,0.0,0.0
0.8150000000000001,0.865,2.3954462325266037e-15,1.9886041258132536e-08,4.7635942611662187e-23,0.0,0.0
0.775,0.8150000000000001,3.472623522071672e-09,2.3954462325266037e-15,8.318482932929853e-24,0.0,0.0
0.9450000000000001,0.995,4.7254006399011575e-14,6.92985108138702e-27,3.274632273440595e-40,0.0,0.0
0.645,0.685,7.499242112712913e-13,3.351354965345481e-32,2.5132622290768357e-44,0.0,0.0
