xmin,xmax,xmin_score,xmax_score,score,match_iou,match_ioa
0.305,0.34500000000000003,1.0,5.334654495925406e-09,5.334654495925406e-09,0.0,0.0
0.255,0.305,7.14027386953457e-16,1.0,7.14027386953457e-16,0.0,0.0
0.915,0.965,5.3787766773893955e-06,2.093704766850668e-12,1.1261570369275376e-17,0.0,0.0
0.215,0.255,1.1242664186283946e-05,7.14027386953457e-16,8.02757013132754e-21,0.0,0.0
0.645,0.685,4.224691776966161e-12,3.015957705152879e-20,1.27414917166371e-31,0.0,0.0
0.625,0.665,2.774403563875552e-14,2.1663072353230338e-18,6.010210514129619e-32,0.0,0.0
0.665,0.7050000000000001,2.1663072353230338e-18,1.3707885116791218e-18,2.9695490709481746e-36,0.0,0.0
