xmin,xmax,xmin_score,xmax_score,score,match_iou,match_ioa
0.23500000000000001,0.275,1.0,1.0,1.0,0.7777777777777777,0.8749999999999999
0.195,0.23500000000000001,1.7524713308508466e-16,1.0,1.7524713308508466e-16,0.0666666666666667,0.12500000000000008
0.034999999999999996,0.07500000000000001,2.2189011872342235e-07,1.3661133720565752e-15,3.031270583152883e-22,0.0,0.0
0.155,0.195,2.0089837996298263e-13,1.7524713308508466e-16,3.520686512995072e-29,0.0,0.0
0.485,0.525,1.0,4.5244420212867205e-31,4.5244420212867205e-31,0.0,0.0
0.795,0.845,6.28229587314217e-20,1.7735966766625041e-15,1.1142259082415518e-34,0.0,0.0
0.9450000000000001,0.995,1.0,2.52924785687056e-36,2.52924785687056e-36,0.0,0.0
0.925,0.975,2.2230955683093245e-15,5.237095786482679e-27,1.164256443374108e-41,0.17647058823529305,0.29999999999999843
