xmin,xmax,xmin_score,xmax_score,score,match_iou,match_ioa
0.23500000000000001,0.275,1.0,0.9999840259552002,0.9999840259552002,0.7777777777777777,0.8749999999999999
0.065,0.10500000000000001,3.084626119730593e-15,0.6738939881324768,2.0787109977228564e-15,0.0,0.0
0.005,0.045,1.699980407941922e-15,0.02914777211844921,4.955064153651947e-17,0.0,0.0
0.195,0.23500000000000001,6.354070593387337e-20,1.0,6.354070593387337e-20,0.0666666666666667,0.12500000000000008
0.155,0.195,1.673779032040912e-10,6.354070593387337e-20,1.0635310127319481e-29,0.0,0.0
