xmin,xmax,xmin_score,xmax_score,score,match_iou,match_ioa
0.015,0.055,1.0,1.0,1.0,0.7777777777777779,0.8750000000000001
0.555,0.605,1.0,1.0,1.0,0.8181818181818178,0.8999999999999998
0.615,0.655,1.0,1.0,1.0,0.7777777777777778,0.875
0.795,0.845,1.0,2.5767793105726004e-16,2.5767793105726004e-16,0.0,0.0
0.065,0.10500000000000001,1.0,9.345662511918763e-31,9.345662511918763e-31,0.0,0.0
0.485,0.525,9.454563757802373e-16,3.643425252327781e-20,3.4446996344920205e-35,0.0,0.0
0.155,0.195,6.439989548177661e-28,4.794631056724151e-16,3.087737389267155e-43,0.0,0.0
0.8150000000000001,0.865,1.0136110992790222e-30,8.27380427625285e-15,8.386419847672125e-45,0.0,0.0
0.9450000000000001,0.995,3.8509335992260237e-31,1.8093044891907264e-35,6.967511448655046e-66,0.0,0.0
