xmin,xmax,xmin_score,xmax_score,score,match_iou,match_ioa
0.895,0.935,1.0,0.9995089769363404,0.9995089769363404,0.7777777777777778,0.875
0.375,0.41500000000000004,0.99737811088562,9.364109487819404e-09,9.339557831087427e-09,0.0,0.0
0.505,0.545,1.0295541414961915e-06,2.65925781395282e-10,2.7378498956612347e-16,0.0,0.0
0.765,0.805,3.3358670492589226e-08,4.512118040244056e-16,1.5051825892816893e-23,0.0,0.0
0.005,0.045,2.543902899914661e-32,1.0,2.543902899914661e-32,0.0,0.0
