xmin,xmax,xmin_score,xmax_score,score,match_iou,match_ioa
0.645,0.685,0.9984248876571656,1.0,0.9984248876571656,0.7777777777777778,0.875
0.375,0.41500000000000004,7.787465740620099e-14,1.0,7.787465740620099e-14,0.06666666666666746,0.1250000000000014
0.034999999999999996,0.07500000000000001,4.635198180835686e-08,8.967525673142519e-07,4.1566258686747517e-14,0.0,0.0
0.775,0.8150000000000001,3.6514742304911355e-24,1.651337879967174e-17,6.029817714534e-41,0.0,0.0
