xmin,xmax,xmin_score,xmax_score,score,match_iou,match_ioa
0.505,0.545,1.0,1.0,1.0,0.7777777777777778,0.875
0.745,0.785,0.99999737739563,1.748756695008069e-10,1.7487521087111187e-10,0.0,0.0
0.025,0.065,2.0094490832980828e-15,0.03521111235022545,7.075493743406633e-17,0.0,0.0
0.585,0.625,0.006962269078940153,8.488575409259808e-15,5.909974609614132e-17,0.0,0.0
0.845,0.885,6.44269087911889e-21,0.07413336634635925,4.77618363198068e-22,0.0,0.0
0.605,0.645,5.4887983047535727e-11,7.651451900455437e-14,4.1997276220123306e-24,0.0,0.0
0.225,0.265,2.9755795216175477e-15,3.5871143972939286e-14,1.0673744142287286e-28,0.0,0.0
