xmin,xmax,xmin_score,xmax_score,score,match_iou,match_ioa
0.375,0.425,0.999924659729004,0.9999995231628418,0.9999241829277709,0.818181818181818,0.8999999999999999
0.625,0.665,2.9370162337727383e-06,7.220134212726492e-11,2.1205651392795657e-16,0.0,0.0
0.225,0.265,5.924954277203297e-11,1.0097192179592264e-11,5.982540199221887e-22,0.0,0.0
0.185,0.225,7.605535667400132e-13,5.924954277203297e-11,4.506245108298464e-23,0.0,0.0
0.585,0.625,1.4442597728982872e-20,2.9370162337727383e-06,4.2418143987871977e-26,0.0,0.0
0.6950000000000001,0.745,1.4566145056620072e-13,2.4589017057701596e-16,3.5816718926218674e-29,0.0,0.0
0.005,0.045,0.0,1.645196646254119e-15,0.0,0.0,0.0
