xmin,xmax,xmin_score,xmax_score,score,match_iou,match_ioa
0.065,0.10500000000000001,1.0,1.0,1.0,0.7777777777777777,0.8749999999999999
0.015,0.055,0.00014512742927763608,1.0,0.00014512742927763608,0.0,0.0
0.165,0.20500000000000002,6.0917516690739415e-12,2.3434802187694004e-06,1.427589953413026e-17,0.0,0.0
