xmin,xmax,xmin_score,xmax_score,score,match_iou,match_ioa
0.775,0.8150000000000001,0.0012283306568861008,6.941120318515459e-07,8.525990880367555e-10,0.0,0.0
0.034999999999999996,0.07500000000000001,3.465380160605491e-08,0.0006839415291324258,2.370117406069691e-11,0.0,0.0
0.525,0.5650000000000001,3.082047044244973e-07,1.4042026208471725e-08,4.327818537103073e-15,0.0,0.0
0.665,0.7050000000000001,1.0586831873671005e-15,1.0,1.0586831873671005e-15,0.06666666666666825,0.12500000000000278
0.485,0.525,1.3678150364838895e-20,3.082047044244973e-07,4.215670290269002e-27,0.0,0.0
0.905,0.9450000000000001,1.5375303646360364e-19,1.0499773793470892e-12,1.61437210292712e-31,0.0,0.0
0.10500000000000001,0.14500000000000002,3.5617841414559313e-19,1.3185467413609625e-17,4.6963788731478715e-36,0.0,0.0
0.315,0.35500000000000004,2.1402486323048627e-29,1.0190253155184514e-11,2.180967537822397e-40,0.0,0.0
