xmin,xmax,xmin_score,xmax_score,score,match_iou,match_ioa
0.025,0.065,1.2464963283775889e-08,1.0,1.2464963283775889e-08,0.0,0.0
0.645,0.685,1.0501636005244563e-08,2.127411846675458e-14,2.2341304847030817e-22,0.0,0.0
