xmin,xmax,xmin_score,xmax_score,score,match_iou,match_ioa
0.515,0.555,1.0,0.9999997615814208,0.9999997615814208,0.7777777777777778,0.875
0.725,0.765,1.0,1.5499496217735718e-12,1.5499496217735718e-12,0.0,0.0
0.845,0.885,1.2296181630679862e-14,1.427003297749252e-07,1.7546691736703938e-21,0.0,0.0
0.295,0.335,3.9307875124338163e-14,1.61890362226913e-10,6.363566142249368e-24,0.0,0.0
0.015,0.055,9.344073959027808e-09,2.743791385858048e-18,2.5638189637601007e-26,0.0,0.0
0.885,0.925,1.427003297749252e-07,3.624419808402095e-20,5.1720590190175015e-27,0.0,0.0
0.055,0.095,2.743791385858048e-18,9.009168966400695e-10,2.471928020374988e-27,0.0,0.0
0.785,0.8250000000000001,2.376431666349725e-16,1.012699462726559e-14,2.4066110717187477e-30,0.0,0.0
0.745,0.785,8.859651640584533e-22,2.376431666349725e-16,2.1054356711512374e-37,0.0,0.0
