xmin,xmax,xmin_score,xmax_score,score,match_iou,match_ioa
0.135,0.17500000000000002,1.0,1.0,1.0,0.7777777777777777,0.8749999999999999
0.095,0.135,6.356346438779469e-12,1.0,6.356346438779469e-12,0.06666666666666672,0.12500000000000008
