xmin,xmax,xmin_score,xmax_score,score,match_iou,match_ioa
0.865,0.905,1.0,1.0,1.0,0.7777777777777778,0.875
0.135,0.17500000000000002,1.0,0.9999680519104004,0.9999680519104004,0.7777777777777777,0.8749999999999999
0.525,0.5650000000000001,0.0005567308398894966,1.314126932272508e-11,7.31614990725481e-15,0.0,0.0
0.305,0.34500000000000003,4.409421094919708e-08,1.6007656711281015e-07,7.058449918295554e-15,0.0,0.0
0.605,0.645,8.422585545675433e-13,1.118859245252679e-06,9.42368770671054e-19,0.0,0.0
0.215,0.255,1.993200612560031e-06,3.227074347079145e-18,6.432206565374914e-24,0.0,0.0
0.425,0.465,2.2930330685671136e-31,5.239091495704007e-13,1.2013410048898028e-43,0.0,0.0
