xmin,xmax,xmin_score,xmax_score,score,match_iou,match_ioa
0.745,0.785,0.9999996423721312,0.9994146823883056,0.9994143249697627,0.7777777777777778,0.875
0.525,0.5650000000000001,1.609428035287408e-09,0.00034484110074117785,5.54996935252221e-13,0.0,0.0
0.10500000000000001,0.14500000000000002,1.1181269105042799e-10,2.1699871066704898e-11,2.426320979415596e-21,0.0,0.0
0.785,0.8250000000000001,0.9994146823883056,4.624130970272595e-22,4.621424384976912e-22,0.4545454545454555,0.625
0.375,0.41500000000000004,3.4401385531874317e-15,8.038737210613878e-12,2.76543697971752e-26,0.0,0.0
0.015,0.055,9.075027503973737e-26,7.20599413472911e-10,6.53945949661401e-35,0.0,0.0
0.295,0.335,7.107156222315077e-36,2.922204203059664e-07,2.0768561784650762e-42,0.0,0.0
