xmin,xmax,xmin_score,xmax_score,score,match_iou,match_ioa
0.125,0.17500000000000002,1.0,1.0,1.0,0.8181818181818181,0.8999999999999999
0.034999999999999996,0.085,1.618116346479865e-14,5.9733060879807445e-06,9.665504223489337e-20,0.0,0.0
0.665,0.715,1.0,6.564679178396433e-20,6.564679178396433e-20,0.0,0.0
0.775,0.8150000000000001,5.304118198124061e-16,1.341650450676149e-13,7.116272570952709e-29,0.0,0.0
0.435,0.485,2.892357306352039e-13,1.3903061484250402e-17,4.0212621464633276e-30,0.0,0.0
0.545,0.595,1.0839950691086331e-24,1.2192796084625564e-17,1.321693083438116e-41,0.0,0.0
0.465,0.515,1.6548647861931978e-15,9.264590077135773e-31,1.5331643877166912e-45,0.0,0.0
0.595,0.635,1.2192796084625564e-17,1.5567082972685318e-30,1.8980626831839883e-47,0.0,0.0
