xmin,xmax,xmin_score,xmax_score,score,match_iou,match_ioa
0.10500000000000001,0.14500000000000002,0.9999899864196776,0.9999971389770508,0.9999871254253775,0.7777777777777777,0.8749999999999999
0.225,0.265,0.8729634881019592,0.9999413490295409,0.8729122879462067,0.0,0.0
0.725,0.765,2.8013753539113395e-09,0.0017959080869331954,5.031012652624717e-12,0.0,0.0
0.305,0.34500000000000003,3.0724776889368144e-11,0.00012850166240241379,3.94818490722707e-15,0.0,0.0
0.065,0.10500000000000001,7.955453485198786e-20,0.9999899864196776,7.95537382262631e-20,0.06666666666666672,0.12500000000000008
0.5650000000000001,0.615,2.6935493765978254e-12,3.216774990908583e-14,8.664542271417289e-26,0.17647058823529305,0.29999999999999843
0.535,0.585,4.67939163979747e-13,1.5519233898057252e-15,7.262057335863061e-28,0.8181818181818178,0.8999999999999998
0.645,0.685,1.8948516135838844e-16,5.017741440855064e-15,9.507875465750943e-31,0.0,0.0
