xmin,xmax,xmin_score,xmax_score,score,match_iou,match_ioa
0.195,0.23500000000000001,1.0,1.0,1.0,0.7777777777777777,0.8749999999999999
0.505,0.545,1.0,0.9999951124191284,0.9999951124191284,0.7777777777777778,0.875
0.775,0.8150000000000001,2.398187204377677e-09,1.3365326640563113e-12,3.2052555331726545e-21,0.0,0.0
0.865,0.905,3.510198381961871e-11,2.694531577029924e-11,9.458340381835607e-22,0.0,0.0
0.305,0.34500000000000003,3.3384137054781604e-07,1.9535193684712085e-22,6.521655833621323e-29,0.0,0.0
0.005,0.045,6.35516945564461e-25,1.8168880844271484e-09,1.154663165847606e-33,0.0,0.0
0.645,0.685,5.957084326692341e-13,1.2762228580247019e-21,7.602567184905457e-34,0.0,0.0
0.10500000000000001,0.14500000000000002,4.158216387899767e-24,5.204873337882887e-11,2.1642989610527184e-34,0.0,0.0
