xmin,xmax,xmin_score,xmax_score,score,match_iou,match_ioa
0.165,0.20500000000000002,0.9989910721778871,1.0,0.9989910721778871,0.7777777777777777,0.8749999999999999
0.8150000000000001,0.865,1.0,0.9069910645484924,0.9069910645484924,0.8181818181818178,0.8999999999999998
0.915,0.9550000000000001,6.82374718508072e-07,1.0,6.82374718508072e-07,0.0,0.0
0.915,0.965,6.82374718508072e-07,1.0,6.82374718508072e-07,0.06666666666666676,0.10000000000000023
0.5750000000000001,0.625,1.7873656927343965e-13,1.0355894119129516e-05,1.850976986612199e-18,0.0,0.0
0.745,0.785,5.847826667348954e-10,4.2628780280024037e-13,2.492857181180838e-22,0.0,0.0
0.6950000000000001,0.745,1.7186458766033436e-18,5.847826667348954e-10,1.0050343188930353e-27,0.0,0.0
0.034999999999999996,0.07500000000000001,1.4123440357509385e-27,0.00019369443180039525,2.7356317551145513e-31,0.0,0.0
0.375,0.41500000000000004,1.0743300034852558e-15,2.2959377283254543e-17,2.4665947876738154e-32,0.0,0.0
