xmin,xmax,xmin_score,xmax_score,score,match_iou,match_ioa
0.005,0.045,1.0,0.9999592304229736,0.9999592304229736,0.7777777777777779,0.8750000000000001
