xmin,xmax,xmin_score,xmax_score,score,match_iou,match_ioa
0.905,0.9450000000000001,1.0348273917770712e-06,4.0187414924730555e-06,4.158703776882186e-12,0.0,0.0
0.135,0.17500000000000002,4.735054570659258e-10,2.875947924252387e-09,1.3617770363709272e-18,0.0,0.0
0.735,0.775,1.5999501891411122e-19,1.0087217283683003e-08,1.6139045200936117e-27,0.0,0.0
0.805,0.855,5.613283106289511e-15,7.126314237168227e-16,4.0002019317606834e-30,0.0,0.0
0.005,0.045,4.0301889961478284e-24,4.509495354909632e-08,1.8174118557536544e-31,0.0,0.0
0.585,0.625,1.6407959924557775e-16,3.532776696665245e-24,5.796565846129493e-40,0.0,0.0
0.9450000000000001,0.995,4.0187414924730555e-06,5.379430661711896e-38,2.161854120610338e-43,0.0,0.0
