xmin,xmax,xmin_score,xmax_score,score,match_iou,match_ioa
0.8150000000000001,0.865,0.9999949932098388,0.9999990463256836,0.9999940395402972,0.8181818181818178,0.8999999999999998
0.865,0.905,0.9999990463256836,3.5728386915678807e-09,3.572835284243384e-09,0.0,0.0
0.125,0.165,0.9638615846633912,3.6018155125105977e-09,3.4716516075536494e-09,0.0,0.0
0.034999999999999996,0.07500000000000001,7.802245516330687e-10,1.0,7.802245516330687e-10,0.06666666666666672,0.12500000000000006
0.765,0.805,1.0757095084482082e-12,1.0,1.0757095084482082e-12,0.0,0.0
0.545,0.595,2.368787403641409e-13,0.0001549201551824808,3.669729121664329e-17,0.0,0.0
