xmin,xmax,xmin_score,xmax_score,score,match_iou,match_ioa
0.305,0.34500000000000003,1.0,1.0,1.0,0.7777777777777778,0.875
0.875,0.915,1.0,0.9998594522476196,0.9998594522476196,0.7777777777777778,0.875
0.025,0.065,0.001002427423372865,1.0,0.001002427423372865,0.0,0.0
0.735,0.775,1.0,8.921812073847679e-12,8.921812073847679e-12,0.0,0.0
0.095,0.135,1.858317773439921e-05,1.4781764701154998e-09,2.7469216066963175e-14,0.23076923076923075,0.3749999999999999
0.135,0.17500000000000002,1.4781764701154998e-09,1.0948213002848206e-06,1.6183390850622778e-15,0.0,0.0
0.435,0.47500000000000003,5.4264535975789834e-08,2.7615590370011494e-10,1.498547197126164e-17,0.0,0.0
0.665,0.7050000000000001,1.0765162983261687e-08,7.79014130980471e-10,8.386214086268738e-18,0.0,0.0
0.535,0.5750000000000001,4.825913557660044e-10,5.337999600717528e-14,2.576072464388662e-23,0.0,0.0
