xmin,xmax,xmin_score,xmax_score,score,match_iou,match_ioa
0.935,0.985,1.0,1.0,1.0,0.8000000000000018,0.8000000000000018
0.305,0.34500000000000003,1.606120747510431e-07,1.0,1.606120747510431e-07,0.0,0.0
0.185,0.225,5.136745073741622e-08,1.0,5.136745073741622e-08,0.0,0.0
0.505,0.545,1.9214561243637534e-16,1.0,1.9214561243637534e-16,0.06666666666666676,0.125
0.9450000000000001,0.995,1.0,1.5544481507703188e-29,1.5544481507703188e-29,0.6363636363636344,0.6999999999999993
