xmin,xmax,xmin_score,xmax_score,score,match_iou,match_ioa
0.095,0.135,1.0,1.0,1.0,0.7777777777777777,0.8749999999999999
0.045,0.085,4.8532425603005965e-15,1.0,4.8532425603005965e-15,0.0,0.0
0.225,0.265,2.0892028680511744e-14,0.006412945222109556,1.339794355068636e-16,0.0,0.0
0.185,0.225,9.746372112151569e-12,2.0892028680511744e-14,2.036214856980104e-25,0.0,0.0
0.005,0.045,0.0,4.8532425603005965e-15,0.0,0.0,0.0
