xmin,xmax,xmin_score,xmax_score,score,match_iou,match_ioa
0.755,0.795,1.0,1.0,1.0,0.7777777777777778,0.875
0.605,0.645,1.5227988314769902e-10,1.0,1.5227988314769902e-10,0.0,0.0
0.515,0.555,0.0026663735043257475,5.665764732376565e-11,1.5107044964152132e-13,0.0,0.0
0.305,0.34500000000000003,9.216914520493448e-08,1.2704079210834607e-07,1.1709241214784043e-14,0.0,0.0
0.10500000000000001,0.14500000000000002,1.2392640733049909e-11,6.160228993579152e-10,7.634150475074404e-21,0.0,0.0
0.065,0.10500000000000001,1.248553205268621e-10,1.2392640733049909e-11,1.5472871308991937e-21,0.0,0.0
