xmin,xmax,xmin_score,xmax_score,score,match_iou,match_ioa
0.085,0.135,1.0,1.0,1.0,0.818181818181818,0.8999999999999999
0.915,0.965,1.7326620138646833e-09,3.067164652748033e-05,5.3143596840849784e-14,0.0,0.0
0.875,0.915,5.6565368140582e-06,1.7326620138646833e-09,9.800866467745802e-15,0.0,0.0
0.715,0.755,2.390611580221913e-12,0.0039799404330551616,9.514491687855085e-15,0.0,0.0
0.395,0.445,2.7530100595030142e-12,1.2629557399890246e-09,3.476929856896858e-21,0.0,0.0
0.47500000000000003,0.525,1.4067021744494644e-14,1.7679692376759704e-08,2.4870061709985492e-22,0.0,0.0
0.135,0.17500000000000002,1.0,1.2130460552167508e-22,1.2130460552167508e-22,0.0,0.0
0.445,0.495,1.2629557399890246e-09,5.598164838730444e-15,7.070234416479346e-24,0.0,0.0
0.005,0.055,0.0,9.620573564461665e-07,0.0,0.0,0.0
