xmin,xmax,xmin_score,xmax_score,score,match_iou,match_ioa
0.155,0.195,1.0,1.0,1.0,0.7777777777777777,0.8749999999999999
0.215,0.255,0.0001357871224172413,2.848009216904757e-06,3.867229761812778e-10,0.0,0.0
0.725,0.765,2.0059951566508967e-06,1.2448884262994396e-05,2.4972401537274324e-11,0.0,0.0
0.875,0.915,1.0,1.121207686698329e-14,1.121207686698329e-14,0.0,0.0
0.295,0.335,5.0644580369407785e-06,3.7373386720454543e-13,1.8927594874410176e-18,0.0,0.0
