xmin,xmax,xmin_score,xmax_score,score,match_iou,match_ioa
0.295,0.335,1.0,1.0,1.0,0.7777777777777778,0.875
0.775,0.8150000000000001,1.9624262392881067e-07,7.711404848009806e-10,1.5133063215507959e-16,0.0,0.0
0.225,0.265,2.295263978879803e-09,6.216477288489841e-08,1.426845639579512e-16,0.0,0.0
0.535,0.5750000000000001,7.438837672070079e-21,1.0,7.438837672070079e-21,0.0,0.0
0.155,0.195,2.2263956616113865e-16,1.6622663679299876e-05,3.700862630001841e-21,0.0,0.0
0.905,0.9450000000000001,3.414782345778633e-10,1.4360352642260599e-13,4.903747868194704e-23,0.0,0.0
0.605,0.645,4.6980027453367495e-24,3.8022485957536044e-18,1.7862974341303235e-41,0.0,0.0
