xmin,xmax,xmin_score,xmax_score,score,match_iou,match_ioa
0.095,0.135,1.0,1.0,1.0,0.7777777777777777,0.8749999999999999
0.135,0.17500000000000002,1.0,8.421394685114228e-15,8.421394685114228e-15,0.0,0.0
