xmin,xmax,xmin_score,xmax_score,score,match_iou,match_ioa
0.095,0.135,1.0,1.0,1.0,0.7777777777777777,0.8749999999999999
0.795,0.8350000000000001,5.234177091750779e-09,6.731026223860681e-05,3.523138326490533e-13,0.0,0.0
0.905,0.9450000000000001,9.711879026409308e-15,1.563299178997113e-07,1.5182572508504952e-21,0.0,0.0
0.9450000000000001,0.995,1.563299178997113e-07,3.976624589056651e-20,6.216653955251994e-27,0.0,0.0
0.365,0.405,3.0847762033809337e-17,1.1339797915781158e-13,3.4980738761750425e-30,0.0,0.0
