xmin,xmax,xmin_score,xmax_score,score,match_iou,match_ioa
0.095,0.135,1.0,4.117245043744333e-05,4.117245043744333e-05,0.0,0.0
0.305,0.34500000000000003,2.6127231346310953e-13,1.0,2.6127231346310953e-13,0.06666666666666672,0.125
0.915,0.9550000000000001,0.0017636625561863184,2.1170373871374874e-14,3.7337395697409056e-17,0.0,0.0
0.065,0.10500000000000001,6.332444369862445e-18,1.0,6.332444369862445e-18,0.0,0.0
0.195,0.23500000000000001,3.26763584655612e-15,1.1362769924971874e-07,3.712939432300789e-22,0.0,0.0
0.615,0.655,1.7990991067170973e-25,0.9776344299316406,1.7588612295858933e-25,0.05882352941176478,0.125
0.595,0.635,1.7571116832974131e-22,6.078532363832291e-16,1.068066023379116e-37,0.0,0.0
