xmin,xmax,xmin_score,xmax_score,score,match_iou,match_ioa
0.865,0.905,1.0,1.0,1.0,0.7777777777777778,0.875
0.10500000000000001,0.14500000000000002,1.0,0.9999920129776,0.9999920129776,0.7777777777777777,0.8749999999999999
0.095,0.135,1.0,0.9904856085777284,0.9904856085777284,0.7777777777777777,0.8749999999999999
0.905,0.9450000000000001,1.0,0.01343530137091875,0.01343530137091875,0.0,0.0
0.725,0.765,1.0,1.498265191912651e-05,1.498265191912651e-05,0.0,0.0
0.135,0.17500000000000002,0.9904856085777284,1.830338078434579e-06,1.812923525521264e-06,0.06666666666666672,0.12500000000000008
0.375,0.41500000000000004,7.04525016104185e-09,1.0,7.04525016104185e-09,0.0,0.0
0.065,0.10500000000000001,4.483755671400838e-16,1.0,4.483755671400838e-16,0.06666666666666672,0.12500000000000008
0.645,0.685,0.0003648682322818786,1.0288709310522434e-14,3.7540231785924264e-18,0.0,0.0
