xmin,xmax,xmin_score,xmax_score,score,match_iou,match_ioa
0.005,0.045,5.255707973465238e-27,1.0,5.255707973465238e-27,0.7777777777777779,0.8750000000000001
