xmin,xmax,xmin_score,xmax_score,score,match_iou,match_ioa
0.555,0.605,1.0,1.0,1.0,0.7999999999999996,0.7999999999999996
0.605,0.645,1.0,1.0,1.0,0.05882352941176478,0.125
0.885,0.925,4.3733507482102135e-07,1.0,4.3733507482102135e-07,0.0,0.0
0.515,0.555,8.681317925814115e-14,1.0,8.681317925814115e-14,0.0,0.0
0.625,0.665,1.204915548304146e-14,0.6544153094291687,7.885151813794742e-15,0.38461538461538525,0.625
0.8350000000000001,0.885,1.5292204169625736e-09,4.3733507482102135e-07,6.687817254701606e-16,0.0,0.0
0.435,0.47500000000000003,2.0462382011032787e-08,1.868281513517497e-15,3.822949003374554e-23,0.0,0.0
0.245,0.28500000000000003,1.996718701491318e-08,1.5903148405026712e-15,3.175411383290866e-23,0.0,0.0
0.925,0.975,1.0,2.720818548110993e-26,2.720818548110993e-26,0.0,0.0
