xmin,xmax,xmin_score,xmax_score,score,match_iou,match_ioa
0.245,0.28500000000000003,1.0,1.0,1.0,0.7777777777777778,0.875
0.655,0.6950000000000001,1.0,0.9999871253967284,0.9999871253967284,0.7777777777777753,0.8749999999999972
0.034999999999999996,0.07500000000000001,6.985820164118195e-06,0.26908186078071594,1.8797574888403703e-06,0.0,0.0
0.535,0.5750000000000001,1.0,4.860902045461523e-12,4.860902045461523e-12,0.0,0.0
0.135,0.17500000000000002,8.19638627881953e-18,2.63823878299263e-08,2.1624024161170328e-25,0.0,0.0
