xmin,xmax,xmin_score,xmax_score,score,match_iou,match_ioa
0.045,0.085,1.0,1.0,1.0,0.7777777777777778,0.8749999999999999
0.375,0.41500000000000004,3.425495664899358e-09,2.2989419790064855e-07,7.875015782941867e-16,0.0,0.0
0.925,0.975,8.234209841750939e-11,3.0880366921337554e-06,2.5427542122055784e-16,0.0,0.0
0.485,0.525,2.09039644864693e-16,0.9996836185455322,2.0897350859780929e-16,0.05882352941176478,0.125
0.135,0.17500000000000002,2.1741507899575296e-11,3.090129335140551e-13,6.718407135066765e-24,0.0,0.0
0.665,0.7050000000000001,1.0,6.222270695830508e-33,6.222270695830508e-33,0.0,0.0
0.005,0.045,9.519764877363295e-34,1.0,9.519764877363295e-34,0.06666666666666662,0.12499999999999993
0.9450000000000001,0.995,8.964869658797425e-15,0.0,0.0,0.0,0.0
