xmin,xmax,xmin_score,xmax_score,score,match_iou,match_ioa
0.895,0.935,1.0,1.0,1.0,0.7777777777777778,0.875
0.595,0.635,5.517639322259109e-16,5.1031875614171434e-08,2.81575483577388e-23,0.0,0.0
0.715,0.755,6.6883280055822495e-15,1.413276288532439e-12,9.452455380216851e-27,0.0,0.0
0.735,0.775,7.982307469515498e-17,1.533788117943479e-14,1.2243168350514351e-30,0.0,0.0
0.525,0.5650000000000001,4.282627404603901e-23,8.975962750845667e-10,3.844070405947547e-32,0.0,0.0
