xmin,xmax,xmin_score,xmax_score,score,match_iou,match_ioa
0.34500000000000003,0.395,1.0,1.0,1.0,0.636363636363636,0.6999999999999996
0.10500000000000001,0.14500000000000002,1.0,0.9995243549346924,0.9995243549346924,0.7777777777777777,0.8749999999999999
0.14500000000000002,0.195,0.9995243549346924,1.0,0.9995243549346924,0.05263157894736848,0.10000000000000012
0.065,0.10500000000000001,1.336922559858067e-05,1.0,1.336922559858067e-05,0.06666666666666672,0.12500000000000008
0.195,0.245,1.0,2.910540974898624e-10,2.910540974898624e-10,0.818181818181818,0.8999999999999999
0.245,0.295,2.910540974898624e-10,5.045253104185576e-10,1.4684415888466595e-19,0.0,0.0
0.595,0.635,8.263888705284383e-12,2.8229833401449695e-11,2.3328820139829996e-22,0.0,0.0
0.025,0.065,1.6177591254615392e-28,1.336922559858067e-05,2.1628186712457887e-33,0.0,0.0
0.455,0.505,1.8700522856796653e-20,5.073044930047903e-19,9.486859266791718e-39,0.0,0.0
