xmin,xmax,xmin_score,xmax_score,score,match_iou,match_ioa
0.525,0.5650000000000001,1.0,1.0,1.0,0.7777777777777778,0.875
0.595,0.635,2.33396431070787e-08,2.6388528567622416e-05,6.158988388892579e-13,0.0,0.0
0.865,0.905,1.0,4.4751662634630036e-21,4.4751662634630036e-21,0.0,0.0
0.635,0.675,2.6388528567622416e-05,9.412374452906676e-19,2.4837871213968722e-23,0.0,0.0
