xmin,xmax,xmin_score,xmax_score,score,match_iou,match_ioa
0.745,0.785,1.0,1.0,1.0,0.7777777777777778,0.875
0.155,0.195,1.0,0.9985081553459167,0.9985081553459167,0.7777777777777777,0.8749999999999999
0.785,0.8250000000000001,1.0,1.480027322031674e-06,1.480027322031674e-06,0.0,0.0
0.895,0.935,9.137423148786183e-06,7.307334470851856e-08,6.677020714988499e-13,0.0,0.0
0.915,0.9550000000000001,1.9640824522326743e-09,7.730239303782582e-06,1.5182827368118695e-14,0.0,0.0
0.295,0.335,6.281917012529448e-05,8.971109445587988e-12,5.63557650475028e-16,0.0,0.0
0.655,0.6950000000000001,7.015198968604587e-13,6.74183931202504e-15,4.7295344188215915e-27,0.0,0.0
0.495,0.535,3.292984916865305e-13,4.446640275838932e-16,1.464271935906338e-28,0.0,0.0
