xmin,xmax,xmin_score,xmax_score,score,match_iou,match_ioa
0.535,0.5750000000000001,1.0,1.0,1.0,0.7777777777777753,0.8749999999999972
0.725,0.765,1.0,1.0,1.0,0.7777777777777778,0.875
0.765,0.805,1.0,1.157133374363184e-05,1.157133374363184e-05,0.0,0.0
0.165,0.20500000000000002,4.422836763495752e-09,5.670000609825365e-05,2.507748714617896e-13,0.0,0.0
0.625,0.665,3.887323622719929e-12,2.330848580811562e-08,9.060762749172007e-20,0.0,0.0
0.10500000000000001,0.14500000000000002,9.141715315107548e-16,6.2042168735843e-08,5.671718441149427e-23,0.0,0.0
