xmin,xmax,xmin_score,xmax_score,score,match_iou,match_ioa
0.41500000000000004,0.465,0.9235686659812928,9.130602666356043e-15,8.432738524171687e-15,0.0,0.0
0.855,0.895,8.403176592064465e-12,2.5487546736258082e-05,2.1417635612327297e-16,0.0,0.0
0.034999999999999996,0.07500000000000001,4.880229553805293e-10,2.492632411588147e-08,1.2164618361805435e-17,0.0,0.0
0.925,0.975,4.702646716481239e-09,3.0925560723371603e-11,1.4543198659110465e-19,0.0,0.0
0.605,0.645,9.510128483867544e-15,1.5131726058825734e-06,1.439046590021194e-20,0.0,0.0
0.245,0.295,6.475303404585021e-09,3.1730342240707493e-18,2.0546359313990113e-26,0.0,0.0
0.17500000000000002,0.225,4.540905090231204e-15,6.329523493872613e-14,2.8741765452064144e-28,0.0,0.0
0.9450000000000001,0.995,3.5843010317053904e-19,0.0,0.0,0.0,0.0
