xmin,xmax,xmin_score,xmax_score,score,match_iou,match_ioa
0.055,0.095,1.0,1.0,1.0,0.7777777777777777,0.8749999999999999
0.615,0.655,1.0,1.0,1.0,0.7777777777777778,0.875
0.915,0.9550000000000001,1.0,7.826702699276211e-07,7.826702699276211e-07,0.0,0.0
0.095,0.135,1.0,4.0106247722838586e-14,4.0106247722838586e-14,0.0,0.0
0.845,0.885,2.6482607218270005e-09,1.0452244168845937e-05,2.7680267687299997e-14,0.0,0.0
0.785,0.8250000000000001,5.139169534373878e-09,2.269699567181149e-10,1.1664370867838938e-18,0.0,0.0
0.015,0.055,5.923609437183472e-30,1.0,5.923609437183472e-30,0.06666666666666664,0.12499999999999993
0.005,0.045,1.4980200020720902e-30,1.0,1.4980200020720902e-30,0.0,0.0
