xmin,xmax,xmin_score,xmax_score,score,match_iou,match_ioa
0.245,0.28500000000000003,1.0,0.9994688630104064,0.9994688630104064,0.7777777777777778,0.875
0.025,0.065,4.9193740778719075e-06,7.498989276766286e-12,3.6890333458363474e-17,0.0,0.0
0.435,0.47500000000000003,1.0205629674686634e-09,4.729289404536985e-09,4.826537628712373e-18,0.0,0.0
0.095,0.135,1.9195624380739448e-20,1.6373546502059063e-19,3.143004484340961e-39,0.0,0.0
0.005,0.045,0.0,6.092144475521032e-13,0.0,0.0,0.0
