xmin,xmax,xmin_score,xmax_score,score,match_iou,match_ioa
0.095,0.135,1.0,0.9999712705612184,0.9999712705612184,0.7777777777777777,0.8749999999999999
0.195,0.23500000000000001,1.0,0.9860279560089112,0.9860279560089112,0.7777777777777777,0.8749999999999999
0.055,0.095,3.298438258636516e-11,1.0,3.298438258636516e-11,0.06666666666666672,0.1250000000000001
