xmin,xmax,xmin_score,xmax_score,score,match_iou,match_ioa
0.885,0.925,1.0,1.0,1.0,0.7777777777777778,0.875
0.625,0.665,1.0,2.9209310525857286e-09,2.9209310525857286e-09,0.0,0.0
0.045,0.085,1.100946851045892e-11,2.1088324142493062e-10,2.3217124058512795e-21,0.0,0.0
0.005,0.045,5.003348657015321e-15,1.100946851045892e-11,5.50842094862571e-26,0.0,0.0
0.505,0.545,5.244064409196678e-15,2.7959126566404737e-18,1.466194605391084e-32,0.0,0.0
0.065,0.10500000000000001,4.206733546001319e-17,6.876377578443941e-17,2.8927088234211442e-33,0.0,0.0
