xmin,xmax,xmin_score,xmax_score,score,match_iou,match_ioa
0.755,0.795,1.0,1.0,1.0,0.7777777777777778,0.875
0.045,0.085,2.7951226402866964e-11,1.3177102118788753e-05,3.683161646559624e-16,0.0,0.0
0.025,0.065,2.723872967180796e-05,1.7948538939597087e-21,4.8889540017960373e-26,0.0,0.0
0.165,0.20500000000000002,8.904708084927506e-16,5.3728188564861063e-11,4.784338351020279e-26,0.0,0.0
0.875,0.915,3.030963642637506e-27,1.392787413179164e-10,4.221488011269188e-37,0.0,0.0
0.915,0.9550000000000001,1.392787413179164e-10,9.600347901538543e-29,1.3371243719403882e-38,0.0,0.0
0.665,0.7050000000000001,2.0705288408828272e-15,3.9368109638030416e-26,8.151280641657918e-41,0.0,0.0
0.005,0.045,0.0,2.7951226402866964e-11,0.0,0.0,0.0
