xmin,xmax,xmin_score,xmax_score,score,match_iou,match_ioa
0.095,0.135,1.0,0.9999986886978148,0.9999986886978148,0.7777777777777777,0.8749999999999999
