xmin,xmax,xmin_score,xmax_score,score,match_iou,match_ioa
0.585,0.625,1.0,1.0,1.0,0.7777777777777778,0.875
0.425,0.465,1.0,4.719595054904854e-16,4.719595054904854e-16,0.0,0.0
0.165,0.20500000000000002,7.281579717443795e-15,2.916521191220767e-13,2.1236881551488155e-27,0.0,0.0
0.875,0.915,1.0116266277362256e-13,4.8837556516760126e-15,4.940537260592737e-28,0.0,0.0
0.715,0.755,1.1365467969225705e-15,4.537833017536799e-18,5.1574595810509315e-33,0.0,0.0
0.10500000000000001,0.14500000000000002,1.7215475223275974e-24,1.4237950282745132e-13,2.4511308032283397e-37,0.0,0.0
0.295,0.335,5.640481861482835e-29,1.8886853886401767e-12,1.0653095676672575e-40,0.0,0.0
