xmin,xmax,xmin_score,xmax_score,score,match_iou,match_ioa
0.135,0.17500000000000002,1.0,1.0,1.0,0.7777777777777777,0.8749999999999999
0.775,0.8150000000000001,0.9164718389511108,1.0,0.9164718389511108,0.7777777777777778,0.875
0.025,0.065,4.2578647274638115e-09,9.415032764081843e-06,4.0087935914100193e-14,0.0,0.0
0.305,0.34500000000000003,2.4702975665036316e-08,5.222808567850735e-07,1.290189129547599e-14,0.0,0.0
0.065,0.10500000000000001,9.415032764081843e-06,3.84288746657635e-11,3.6180911406495806e-16,0.0,0.0
0.195,0.23500000000000001,2.3702642626410864e-10,1.594111296299161e-07,3.778465036290357e-17,0.0,0.0
0.435,0.47500000000000003,5.4142193522564364e-15,1.315916847488552e-06,7.1246624616328e-21,0.0,0.0
0.045,0.085,3.350723838284198e-20,1.3593516996479593e-05,4.554812144622558e-25,0.0,0.0
0.005,0.045,2.6538518823980603e-32,3.350723838284198e-20,8.892324765626572e-52,0.0,0.0
