xmin,xmax,xmin_score,xmax_score,score,match_iou,match_ioa
0.855,0.895,2.1418576634513187e-10,1.0415496243254552e-09,2.230851044726318e-19,0.0,0.0
0.645,0.685,8.314990909205954e-17,0.0004999196389690042,4.156827253360792e-20,0.0,0.0
0.765,0.805,2.6160174170224413e-18,0.0011988446349278092,3.136198445275059e-21,0.0,0.0
0.225,0.265,5.596094334453517e-12,6.507808831072795e-19,3.641831212927303e-30,0.0,0.0
0.245,0.28500000000000003,1.510736200987248e-16,5.839242479121071e-18,8.821554999550727e-34,0.0,0.0
0.135,0.17500000000000002,1.9239586677597881e-22,2.800769447607079e-18,5.388564655120433e-40,0.0,0.0
