xmin,xmax,xmin_score,xmax_score,score,match_iou,match_ioa
0.025,0.065,1.0,1.0,1.0,0.5555555555555556,0.625
0.635,0.675,1.0,1.0,1.0,0.7777777777777778,0.875
0.915,0.9550000000000001,1.0,1.0,1.0,0.7777777777777753,0.8749999999999972
0.595,0.635,4.1710678340937477e-17,1.0,4.1710678340937477e-17,0.06666666666666667,0.125
0.065,0.10500000000000001,1.0,8.477254282895649e-22,8.477254282895649e-22,0.0,0.0
0.765,0.805,1.1118829468248491e-10,1.1975119246915302e-12,1.3314930876839153e-22,0.0,0.0
0.495,0.535,2.359937752771657e-06,3.9821262164245897e-17,9.397569994442147e-23,0.0,0.0
0.875,0.915,4.6064842307088916e-24,1.0,4.6064842307088916e-24,0.06666666666666676,0.125
0.515,0.555,3.55363383164331e-08,1.2106618676500381e-20,4.302248971561651e-28,0.0,0.0
