xmin,xmax,xmin_score,xmax_score,score,match_iou,match_ioa
0.765,0.805,3.832218986588032e-09,1.0437640335370092e-11,3.999932346838234e-20,0.0,0.0
0.595,0.635,5.408386516414511e-10,4.4780412017386695e-11,2.4218977655432053e-20,0.0,0.0
0.915,0.9550000000000001,3.679844084529405e-25,1.0,3.679844084529405e-25,0.06666666666666825,0.12500000000000278
0.315,0.35500000000000004,6.428095833399539e-10,1.4005537581617146e-16,9.002893777291383e-26,0.0,0.0
0.155,0.195,5.99572746052407e-13,2.113374139047202e-14,1.2671215359846723e-26,0.0,0.0
0.875,0.915,7.377794486451705e-10,3.679844084529405e-25,2.7149133397842965e-34,0.0,0.0
