xmin,xmax,xmin_score,xmax_score,score,match_iou,match_ioa
0.045,0.085,1.0,1.0,1.0,0.7777777777777778,0.8749999999999999
0.23500000000000001,0.275,1.0,1.0,1.0,0.7777777777777777,0.8749999999999999
0.195,0.23500000000000001,7.93968170506973e-29,1.0,7.93968170506973e-29,0.0666666666666667,0.12500000000000008
0.155,0.195,1.455389546201325e-17,7.93968170506973e-29,1.1555329753724396e-45,0.0,0.0
0.005,0.045,0.0,1.0,0.0,0.06666666666666662,0.12499999999999993
