xmin,xmax,xmin_score,xmax_score,score,match_iou,match_ioa
0.655,0.6950000000000001,1.0,1.0,1.0,0.7777777777777753,0.8749999999999972
0.915,0.965,1.0,1.0,1.0,0.8181818181818178,0.8999999999999998
0.875,0.915,2.671727088454645e-06,1.0,2.671727088454645e-06,0.05882352941176478,0.125
0.9450000000000001,0.995,3.170592455248311e-09,1.0,3.170592455248311e-09,0.17647058823529305,0.29999999999999843
0.765,0.805,1.6438777947769267e-06,2.318178893290224e-08,3.81080280700035e-14,0.0,0.0
0.515,0.555,1.0,4.838350008823998e-20,4.838350008823998e-20,0.0,0.0
0.195,0.23500000000000001,6.527407283364561e-17,1.2227428669575602e-07,7.981340695460842e-24,0.0,0.0
0.155,0.195,7.058201679371877e-13,6.527407283364561e-17,4.607175704938796e-29,0.0,0.0
0.585,0.625,1.8511846569535525e-11,4.8452207777870165e-20,8.969398363391883e-31,0.0,0.0
