xmin,xmax,xmin_score,xmax_score,score,match_iou,match_ioa
0.715,0.755,2.6725063051458164e-08,6.358763585012639e-06,1.6993835773877893e-13,0.0,0.0
0.775,0.8150000000000001,3.219867428239098e-11,7.538849899901835e-07,2.4274097239077504e-17,0.0,0.0
0.875,0.915,4.115621834444028e-07,3.026962700132009e-14,1.2457833780710948e-20,0.0,0.0
