xmin,xmax,xmin_score,xmax_score,score,match_iou,match_ioa
0.195,0.23500000000000001,1.0,1.0,1.0,0.7777777777777777,0.8749999999999999
0.155,0.195,5.732049384311242e-18,1.0,5.732049384311242e-18,0.06666666666666672,0.12500000000000008
0.095,0.135,4.656654402357408e-12,2.416435920717802e-15,1.125250696822513e-26,0.0,0.0
