xmin,xmax,xmin_score,xmax_score,score,match_iou,match_ioa
0.735,0.775,0.0024121785536408424,6.321983528323472e-05,1.5249753083492541e-07,0.0,0.0
0.895,0.935,8.899207759593963e-12,1.0,8.899207759593963e-12,0.0,0.0
0.775,0.8150000000000001,6.321983528323472e-05,4.645795900759531e-12,2.937064516055446e-16,0.0,0.0
0.645,0.685,6.173924038677114e-09,2.0180926374457897e-10,1.245955064660386e-18,0.0,0.0
0.855,0.895,1.5474530545844798e-09,8.899207759593963e-12,1.3771106230965582e-20,0.0,0.0
0.495,0.535,9.544101620129195e-13,1.7147899766811747e-09,1.6366129794624104e-21,0.0,0.0
0.535,0.5750000000000001,1.7147899766811747e-09,3.717885916666719e-13,6.375393504344191e-22,0.0,0.0
0.305,0.34500000000000003,3.487414801384148e-07,1.5617787765521163e-19,5.446570421835477e-26,0.0,0.0
