xmin,xmax,xmin_score,xmax_score,score,match_iou,match_ioa
0.095,0.135,1.0,1.0,1.0,0.7777777777777777,0.8749999999999999
0.715,0.755,1.0,1.0,1.0,0.7777777777777778,0.875
0.755,0.795,1.0,2.6456666191165823e-08,2.6456666191165823e-08,0.0,0.0
0.515,0.555,0.9946160912513732,5.045830506894555e-12,5.018664215884397e-12,0.0,0.0
0.185,0.225,1.0604629396837595e-09,1.6244541519230824e-12,1.7226734253298403e-21,0.0,0.0
0.875,0.915,2.2192729086183654e-16,1.7350734564380854e-12,3.8506015163358705e-28,0.0,0.0
0.915,0.9550000000000001,1.7350734564380854e-12,3.055727191911236e-19,5.301911140801273e-31,0.0,0.0
0.775,0.8150000000000001,3.3070368546470746e-15,3.9552385451774316e-17,1.3080119637822445e-31,0.0,0.0
0.855,0.895,2.0582626656060618e-16,1.6319188224707563e-17,3.358917585591364e-33,0.0,0.0
