xmin,xmax,xmin_score,xmax_score,score,match_iou,match_ioa
0.635,0.675,1.0,1.0,1.0,0.7777777777777778,0.875
0.435,0.47500000000000003,7.769774157395659e-08,1.0,7.769774157395659e-08,0.06666666666666751,0.1250000000000014
0.515,0.555,1.0,5.916875878142491e-08,5.916875878142491e-08,0.0,0.0
0.755,0.795,2.8618890590692564e-10,1.0,2.8618890590692564e-10,0.0,0.0
0.095,0.135,1.5067299892566196e-13,1.0,1.5067299892566196e-13,0.0,0.0
0.585,0.625,1.3905554606616634e-17,1.0,1.3905554606616634e-17,0.0,0.0
