xmin,xmax,xmin_score,xmax_score,score,match_iou,match_ioa
0.095,0.135,1.0,0.9996296167373656,0.9996296167373656,0.7777777777777777,0.8749999999999999
0.045,0.085,3.0023503683196395e-08,1.0,3.0023503683196395e-08,0.0,0.0
0.135,0.17500000000000002,0.9996296167373656,2.1306020059341787e-08,2.1298128666118453e-08,0.0,0.0
0.215,0.255,0.00012231938308104873,1.003499616736292e-09,1.2274745404125207e-13,0.0,0.0
0.005,0.045,0.0,3.0023503683196395e-08,0.0,0.0,0.0
