xmin,xmax,xmin_score,xmax_score,score,match_iou,match_ioa
0.525,0.5650000000000001,1.0,1.0,1.0,0.7777777777777778,0.875
0.125,0.165,1.0,0.999805748462677,0.999805748462677,0.7777777777777777,0.8749999999999999
0.885,0.925,3.484559646035889e-13,2.640686199437484e-15,9.201628568403737e-28,0.0,0.0
0.865,0.905,1.6751260636153895e-22,3.8898980516494136e-23,6.516069611124655e-45,0.0,0.0
