xmin,xmax,xmin_score,xmax_score,score,match_iou,match_ioa
0.685,0.735,0.20777739584445956,1.0,0.20777739584445956,0.0,0.0
0.535,0.5750000000000001,1.0,3.12895331866514e-09,3.12895331866514e-09,0.8000000000000018,1.0
0.735,0.775,1.0,3.8360579903556897e-13,3.8360579903556897e-13,0.0,0.0
0.555,0.605,1.182369740310163e-11,0.012575979344546795,1.4869457431757767e-13,0.33333333333333237,0.4999999999999989
0.055,0.095,2.2148908840335932e-07,4.565271771728163e-12,1.01115788303366e-18,0.0,0.0
0.315,0.35500000000000004,9.570055858887372e-10,1.3343707215562885e-11,1.2770002341757529e-20,0.0,0.0
0.9450000000000001,0.995,1.1348263342370044e-06,5.701419789701805e-37,6.4701213198936115e-43,0.0,0.0
