xmin,xmax,xmin_score,xmax_score,score,match_iou,match_ioa
0.225,0.265,0.040731221437454224,1.857091660895094e-06,7.564161166956773e-08,0.0,0.0
0.305,0.34500000000000003,1.0867436811556884e-10,1.0,1.0867436811556884e-10,0.0,0.0
0.435,0.47500000000000003,1.3831789047458187e-08,0.0035697272978723045,4.937571494112265e-11,0.0,0.0
0.155,0.195,1.454482571716653e-06,2.16603202041199e-09,3.1504558234694488e-15,0.0,0.0
0.495,0.535,3.636646817017919e-10,2.7294209115069634e-09,9.925939870133945e-19,0.0,0.0
0.865,0.905,1.651960310217063e-15,2.6676660781618848e-17,4.406878482035843e-32,0.0,0.0
