xmin,xmax,xmin_score,xmax_score,score,match_iou,match_ioa
0.895,0.935,3.7002126362928317e-10,5.496275033746987e-16,2.0337386332411412e-25,0.0,0.0
0.655,0.6950000000000001,7.632573642033053e-37,1.0,7.632573642033053e-37,0.06666666666666825,0.12500000000000278
