xmin,xmax,xmin_score,xmax_score,score,match_iou,match_ioa
0.855,0.895,1.0,1.0,1.0,0.7777777777777778,0.875
0.525,0.5650000000000001,6.30240819532446e-08,6.814838138247127e-10,4.294989173229838e-17,0.0,0.0
0.615,0.655,3.366268652715832e-10,7.788258038488038e-09,2.6217368894224377e-18,0.0,0.0
0.785,0.8250000000000001,6.959468237255351e-07,1.7574731927532813e-15,1.2231078862794211e-21,0.0,0.0
0.125,0.165,5.007416356561656e-11,4.4812555901295465e-14,2.2439512539948047e-24,0.0,0.0
0.165,0.20500000000000002,4.4812555901295465e-14,2.703014721772145e-11,1.2112899832143885e-24,0.0,0.0
0.655,0.6950000000000001,7.788258038488038e-09,5.349436798104384e-21,4.166279414422018e-29,0.0,0.0
0.045,0.085,2.458868849380747e-20,4.16092860036979e-13,1.0231177719946707e-32,0.0,0.0
0.005,0.045,8.152471084240891e-28,2.458868849380747e-20,2.004585719451721e-47,0.0,0.0
