xmin,xmax,xmin_score,xmax_score,score,match_iou,match_ioa
0.305,0.34500000000000003,1.0,0.9984012246131896,0.9984012246131896,0.7777777777777778,0.875
0.545,0.595,0.9945904016494752,1.0,0.9945904016494752,0.8181818181818178,0.8999999999999998
0.915,0.965,1.0,0.9709770679473876,0.9709770679473876,0.7999999999999996,0.7999999999999996
0.8250000000000001,0.875,1.0,4.362622282673413e-20,4.362622282673413e-20,0.0,0.0
0.875,0.915,4.362622282673413e-20,1.0,4.362622282673413e-20,0.0,0.0
0.855,0.895,4.407652357246022e-13,2.2893624929826158e-12,1.0090713988785455e-24,0.0,0.0
0.6950000000000001,0.745,1.1715355248409496e-12,1.9413783392831753e-16,2.274393691626966e-28,0.0,0.0
0.665,0.715,6.75375367746112e-16,5.233133449012361e-15,3.534329427591203e-30,0.0,0.0
0.625,0.665,5.9599930641706424e-18,6.75375367746112e-16,4.025232507478524e-33,0.0,0.0
