xmin,xmax,xmin_score,xmax_score,score,match_iou,match_ioa
0.215,0.255,1.0,1.0,1.0,0.7777777777777777,0.8749999999999999
