xmin,xmax,xmin_score,xmax_score,score,match_iou,match_ioa
0.425,0.465,1.0,0.9999997615814208,0.9999997615814208,0.7777777777777778,0.875
0.23500000000000001,0.275,1.1384535092417993e-08,2.4700241851860486e-08,2.812007701537173e-16,0.0,0.0
0.775,0.8150000000000001,1.932376481050824e-11,9.935804428096162e-07,1.9199714797173657e-17,0.0,0.0
0.095,0.135,1.6920243418178105e-13,2.496237357263453e-05,4.2236943714447244e-18,0.0,0.0
0.715,0.755,5.9007817586971466e-15,7.144433655792427e-11,4.215774379232192e-25,0.0,0.0
0.885,0.925,9.762608597243976e-17,1.1033864932841198e-09,1.0771930465418429e-25,0.0,0.0
0.735,0.775,1.6579268905340416e-18,1.932376481050824e-11,3.203738930569706e-29,0.0,0.0
