xmin,xmax,xmin_score,xmax_score,score,match_iou,match_ioa
0.485,0.525,1.0,1.0,1.0,0.7777777777777778,0.875
0.785,0.8250000000000001,1.0,1.0,1.0,0.7777777777777753,0.8749999999999972
0.735,0.775,1.4519835644932757e-07,1.0,1.4519835644932757e-07,0.0,0.0
0.865,0.905,4.768771488805612e-10,4.6928550455349605e-12,2.2379153342244682e-21,0.0,0.0
0.155,0.195,1.4411249819739705e-17,1.098292679024837e-09,1.582777017261812e-26,0.0,0.0
0.005,0.045,3.8454641161704047e-28,2.2285176280367688e-18,8.56968457086858e-46,0.0,0.0
