xmin,xmax,xmin_score,xmax_score,score,match_iou,match_ioa
0.185,0.225,1.0,1.0,1.0,0.7777777777777777,0.8749999999999999
0.525,0.5650000000000001,1.0,1.0,1.0,0.7777777777777778,0.875
0.485,0.525,3.743338311323896e-05,1.0,3.743338311323896e-05,0.06666666666666667,0.125
0.785,0.8250000000000001,2.0744830180774446e-05,6.443774008303703e-13,1.3367499752554859e-17,0.0,0.0
0.855,0.895,2.639402411908076e-11,1.7902489490850826e-09,4.7251873941310655e-20,0.0,0.0
0.615,0.655,8.204015591872782e-12,1.091255641405553e-09,8.95267829681029e-21,0.0,0.0
