xmin,xmax,xmin_score,xmax_score,score,match_iou,match_ioa
0.034999999999999996,0.07500000000000001,1.0,1.0,1.0,0.7777777777777778,0.8749999999999999
0.665,0.715,1.0,1.0,1.0,0.7999999999999996,0.7999999999999996
0.715,0.755,1.0,4.490517111902295e-16,4.490517111902295e-16,0.0,0.0
0.375,0.41500000000000004,2.096289364317272e-09,2.238676691940222e-12,4.692914139459261e-21,0.0,0.0
0.755,0.795,4.490517111902295e-16,8.210507939324259e-16,3.686942639894524e-31,0.0,0.0
0.485,0.525,4.864979569993237e-21,4.081642576009292e-12,1.9857107744299774e-32,0.0,0.0
0.885,0.925,1.710662134118891e-30,1.5993810783783593e-21,2.7360006488080975e-51,0.0,0.0
