xmin,xmax,xmin_score,xmax_score,score,match_iou,match_ioa
0.435,0.47500000000000003,1.0,1.0,1.0,0.7777777777777766,0.8749999999999987
0.845,0.885,2.2789242493104208e-08,4.334860022936482e-06,9.878817623636276e-14,0.0,0.0
0.135,0.17500000000000002,0.019463097676634792,5.88632587090283e-15,1.1456613538188415e-16,0.0,0.0
0.215,0.255,1.3082463965474742e-06,6.72635300865039e-14,8.799727085473135e-20,0.0,0.0
