xmin,xmax,xmin_score,xmax_score,score,match_iou,match_ioa
0.535,0.5750000000000001,4.891856519861905e-07,7.253699810944035e-12,3.548405871328764e-18,0.0,0.0
0.295,0.335,1.440736974709679e-14,8.889737834749667e-09,1.2807773993999408e-22,0.0,0.0
0.034999999999999996,0.07500000000000001,2.745864300473106e-18,1.607404783499078e-06,4.4137154114198206e-24,0.0,0.0
0.135,0.17500000000000002,2.0239939128605825e-18,1.0527585227733016e-16,2.130776841805261e-34,0.0,0.0
0.9450000000000001,0.995,7.128878043438648e-10,0.0,0.0,0.0,0.0
