xmin,xmax,xmin_score,xmax_score,score,match_iou,match_ioa
0.245,0.28500000000000003,0.9999723434448242,1.0,0.9999723434448242,0.7777777777777778,0.875
0.915,0.9550000000000001,3.8876578400959255e-07,1.0,3.8876578400959255e-07,0.06666666666666825,0.12500000000000278
0.034999999999999996,0.07500000000000001,2.6864633184686678e-08,4.2590283300114606e-08,1.1441723380894656e-15,0.0,0.0
0.125,0.165,2.1924694698638447e-11,8.904399028016041e-13,1.9522623016410464e-23,0.0,0.0
0.855,0.895,1.5997360771138893e-12,6.812604950653944e-13,1.0898369918685803e-24,0.0,0.0
