xmin,xmax,xmin_score,xmax_score,score,match_iou,match_ioa
0.165,0.20500000000000002,1.0,0.9999997615814208,0.9999997615814208,0.7777777777777777,0.8749999999999999
0.045,0.085,6.451919034589082e-07,3.848120281625677e-13,2.4827760492409004e-19,0.0,0.0
0.005,0.045,6.094474962074772e-26,6.451919034589082e-07,3.9321059013636793e-32,0.0,0.0
