xmin,xmax,xmin_score,xmax_score,score,match_iou,match_ioa
0.055,0.095,1.0,1.0,1.0,0.7777777777777777,0.8749999999999999
0.125,0.165,1.0,1.0,1.0,0.7777777777777777,0.8749999999999999
0.225,0.265,9.9218432474406e-15,5.918629475409887e-11,5.872371389469849e-25,0.0,0.0
0.005,0.045,0.0,1.0,0.0,0.0,0.0
