xmin,xmax,xmin_score,xmax_score,score,match_iou,match_ioa
0.155,0.195,1.0,1.0,1.0,0.7777777777777777,0.8749999999999999
0.605,0.645,1.0,1.0,1.0,0.7777777777777778,0.875
0.785,0.8250000000000001,8.094672393314795e-14,1.0,8.094672393314795e-14,0.0,0.0
0.905,0.9450000000000001,1.2444537844658046e-07,3.005433057978735e-08,3.740122542960272e-15,0.0,0.0
0.655,0.6950000000000001,1.0,2.599347974056599e-16,2.599347974056599e-16,0.0,0.0
0.025,0.065,1.5653287449872086e-14,4.11279213810567e-12,6.437871755934206e-26,0.0,0.0
0.245,0.28500000000000003,1.4794683238505968e-06,1.1680901773196867e-20,1.7281524167455033e-26,0.0,0.0
