xmin,xmax,xmin_score,xmax_score,score,match_iou,match_ioa
0.305,0.34500000000000003,1.0,1.0,1.0,0.7777777777777778,0.875
0.015,0.055,1.0,6.055945912656398e-15,6.055945912656398e-15,0.0,0.0
0.185,0.225,1.7273574712817212e-06,5.835710993623176e-15,1.008035898507587e-20,0.0,0.0
0.655,0.6950000000000001,1.732134258247697e-08,8.984653172071735e-16,1.5562625557819292e-23,0.0,0.0
0.855,0.895,5.7906104274146295e-21,3.014223246000647e-11,1.7454192558846917e-31,0.0,0.0
