xmin,xmax,xmin_score,xmax_score,score,match_iou,match_ioa
0.875,0.915,1.0,0.9999897480010986,0.9999897480010986,0.7777777777777778,0.875
0.495,0.535,1.0,2.953921829362827e-11,2.953921829362827e-11,0.0,0.0
0.615,0.655,8.006885710010181e-10,4.715884642791934e-05,3.7759549356427205e-14,0.0,0.0
0.655,0.6950000000000001,4.715884642791934e-05,1.6447647410711141e-10,7.75652078342292e-15,0.0,0.0
0.735,0.775,9.082482487453304e-13,5.762484267535228e-09,5.233766244411389e-21,0.0,0.0
0.055,0.095,2.7169781181834995e-13,4.107515547631298e-16,1.116002986301275e-28,0.0,0.0
0.245,0.28500000000000003,3.0777292349308013e-21,3.3176194430550865e-11,1.0210734350265482e-31,0.0,0.0
