xmin,xmax,xmin_score,xmax_score,score,match_iou,match_ioa
0.845,0.885,4.756625648916213e-10,1.0,4.756625648916213e-10,0.45454545454545453,0.625
0.095,0.135,1.0,6.798414506044641e-14,6.798414506044641e-14,0.0,0.0
0.315,0.35500000000000004,1.5216908516243083e-16,1.0178510867137373e-28,1.5488546869681548e-44,0.0,0.0
0.215,0.255,8.816777092540524e-27,1.4407747437407176e-30,1.27029897561241e-56,0.0,0.0
