xmin,xmax,xmin_score,xmax_score,score,match_iou,match_ioa
0.505,0.545,1.0,1.0,1.0,0.7777777777777778,0.875
0.245,0.28500000000000003,1.0,0.9999998807907104,0.9999998807907104,0.7777777777777778,0.875
0.135,0.17500000000000002,1.0,4.181535562253202e-09,4.181535562253202e-09,0.0,0.0
0.195,0.23500000000000001,1.1852755435869265e-15,1.0,1.1852755435869265e-15,0.0,0.0
0.365,0.405,0.00025373438256792724,1.2103694240449268e-15,3.071123384891372e-19,0.0,0.0
0.425,0.465,3.907107181734017e-14,1.305556063872832e-21,5.100947473313937e-35,0.0,0.0
