xmin,xmax,xmin_score,xmax_score,score,match_iou,match_ioa
0.8350000000000001,0.885,1.0,1.0,1.0,0.8000000000000018,0.8000000000000018
0.845,0.885,1.0,1.0,1.0,0.7777777777777778,0.875
0.045,0.085,3.074574806305464e-06,1.0,3.074574806305464e-06,0.0,0.0
0.005,0.045,4.9477891057920606e-17,3.074574806305464e-06,1.521234773158091e-22,0.0,0.0
0.315,0.35500000000000004,1.5643205047294328e-13,1.3262822784465556e-10,2.074730563233218e-23,0.0,0.0
0.155,0.195,7.234290715031535e-15,4.3693731965888105e-10,3.160931594659009e-24,0.0,0.0
0.605,0.645,7.978964549205409e-23,2.0071539916233228e-12,1.6015010543958622e-34,0.0,0.0
0.665,0.715,9.943592512427249e-15,1.1790750540652922e-22,1.1724241879193394e-36,0.0,0.0
