xmin,xmax,xmin_score,xmax_score,score,match_iou,match_ioa
0.10500000000000001,0.14500000000000002,3.4072544048344144e-14,1.1325597126798925e-09,3.8589190697665626e-23,0.0,0.0
0.525,0.5650000000000001,3.784347166527039e-19,1.9959399938709198e-25,7.553329860363411e-44,0.0,0.0
0.655,0.6950000000000001,2.891014826008953e-37,5.523077773926098e-29,1.5967299729620873e-65,0.0,0.0
