xmin,xmax,xmin_score,xmax_score,score,match_iou,match_ioa
0.425,0.465,1.0,0.9997635483741759,0.9997635483741759,0.7777777777777778,0.875
0.375,0.41500000000000004,9.896249508756226e-08,1.0,9.896249508756226e-08,0.0,0.0
0.625,0.665,8.454318276562843e-07,1.361391685147928e-12,1.1509638605306815e-18,0.0,0.0
0.215,0.255,1.6107438299828306e-11,8.537021756183094e-09,1.3750955120201107e-19,0.0,0.0
0.605,0.645,0.9999955892562866,4.961687202189308e-22,4.961665317458673e-22,0.0,0.0
0.915,0.9550000000000001,1.1697158505135693e-23,0.0004037035396322608,4.722184292162884e-27,0.0,0.0
0.875,0.915,1.2247234476570055e-11,1.1697158505135693e-23,1.432578429220025e-34,0.0,0.0
0.005,0.045,0.0,5.818820224918683e-14,0.0,0.0,0.0
