xmin,xmax,xmin_score,xmax_score,score,match_iou,match_ioa
0.23500000000000001,0.275,1.0,1.0,1.0,0.7777777777777777,0.8749999999999999
0.185,0.225,5.041038766973038e-11,1.0,5.041038766973038e-11,0.0,0.0
