xmin,xmax,xmin_score,xmax_score,score,match_iou,match_ioa
0.435,0.47500000000000003,1.0,1.0,1.0,0.7777777777777766,0.8749999999999987
0.505,0.545,4.061495605979515e-13,1.3278915389491885e-07,5.393225650659505e-20,0.0,0.0
0.315,0.35500000000000004,4.349541837811444e-10,1.920294869298122e-12,8.352402874946841e-22,0.0,0.0
0.585,0.625,1.967868645813553e-10,2.325197326347173e-12,4.575682913848106e-22,0.0,0.0
0.6950000000000001,0.745,1.0,6.498588805556383e-24,6.498588805556383e-24,0.0,0.0
