xmin,xmax,xmin_score,xmax_score,score,match_iou,match_ioa
0.245,0.28500000000000003,1.0,1.0,1.0,0.7777777777777778,0.875
0.195,0.23500000000000001,3.4355982503342367e-09,1.0,3.4355982503342367e-09,0.0,0.0
0.435,0.47500000000000003,2.8620221554230183e-16,1.0,2.8620221554230183e-16,0.06666666666666751,0.1250000000000014
0.715,0.755,2.377152728133547e-12,1.8370982513005171e-10,4.367063119928392e-22,0.0,0.0
0.315,0.35500000000000004,3.097332945678488e-10,1.3185344472071286e-13,4.083940183346613e-23,0.0,0.0
0.875,0.915,6.385988912422248e-16,3.3633941256181905e-17,2.1478597594303885e-32,0.0,0.0
0.375,0.41500000000000004,7.527747869495727e-11,2.5522533570508315e-24,1.9212719770952713e-34,0.0,0.0
