xmin,xmax,xmin_score,xmax_score,score,match_iou,match_ioa
0.625,0.665,1.0,0.9999998807907104,0.9999998807907104,0.7777777777777778,0.875
0.535,0.5750000000000001,1.6409927861005258e-09,2.305304320771029e-07,3.782987760151631e-16,0.0,0.0
0.495,0.535,1.631583934624814e-08,1.6409927861005258e-09,2.6774174666368316e-17,0.0,0.0
0.315,0.35500000000000004,2.399265786046101e-10,6.435676991323191e-10,1.5440899615325842e-19,0.0,0.0
0.515,0.555,4.551343835146327e-08,2.7757500498001553e-15,1.2633392877065048e-22,0.0,0.0
0.165,0.20500000000000002,5.445130633820356e-14,1.0307826814326404e-09,5.612746355480359e-23,0.0,0.0
0.845,0.885,1.482573530608988e-08,6.580911310617958e-17,9.756684916407488e-25,0.0,0.0
0.715,0.755,6.45651788160431e-21,1.628227153105399e-07,1.0512677729338688e-27,0.0,0.0
0.005,0.045,8.443583743085773e-24,3.4592410429468146e-06,2.92083914336408e-29,0.0,0.0
