xmin,xmax,xmin_score,xmax_score,score,match_iou,match_ioa
0.925,0.975,1.0,0.9999995231628418,0.9999995231628418,0.7999999999999996,0.7999999999999996
0.195,0.245,2.5757955768312968e-09,0.9975267052650452,2.5694248751928e-09,0.818181818181818,0.8999999999999999
0.775,0.8150000000000001,6.377100362442434e-05,3.579712637424848e-10,2.2828186757561758e-14,0.0,0.0
0.315,0.35500000000000004,1.0,1.3591049155718749e-15,1.3591049155718749e-15,0.0,0.0
0.595,0.635,7.129838053288041e-09,4.8081126635679545e-08,3.4281064633202923e-16,0.0,0.0
0.865,0.905,1.3125044107109574e-10,1.4417070133276866e-06,1.8922468139455096e-16,0.0,0.0
0.8150000000000001,0.865,3.579712637424848e-10,1.3125044107109574e-10,4.698388625697867e-20,0.0,0.0
