xmin,xmax,xmin_score,xmax_score,score,match_iou,match_ioa
0.735,0.775,3.896960265592497e-08,0.9043084979057312,3.5240542841762706e-08,0.0,0.0
0.785,0.8250000000000001,1.0,4.397747790929607e-11,4.397747790929607e-11,0.0,0.0
0.905,0.9450000000000001,1.7357668511612353e-14,0.9999862909317015,1.7357430554149224e-14,0.06666666666666825,0.12500000000000278
0.034999999999999996,0.07500000000000001,2.9313926575014193e-07,5.568645197739919e-11,1.6323885644885337e-17,0.0,0.0
0.215,0.255,2.757658101870675e-09,1.538335570039351e-10,4.24220354811486e-19,0.0,0.0
0.865,0.905,9.978923465325806e-09,1.7357668511612353e-14,1.7321084561387536e-22,0.0,0.0
0.295,0.335,3.0337599701271353e-14,3.5050667229752364e-11,1.063353111678697e-24,0.0,0.0
0.635,0.675,4.0371340484979705e-29,4.2166775626739645e-10,1.7023292559808497e-38,0.0,0.0
