xmin,xmax,xmin_score,xmax_score,score,match_iou,match_ioa
0.775,0.8150000000000001,0.999963402748108,1.0,0.999963402748108,0.7777777777777778,0.875
0.034999999999999996,0.07500000000000001,1.2032698585788374e-16,2.62577430021338e-07,3.1595150708776994e-23,0.0,0.0
0.245,0.28500000000000003,1.7282585631813373e-17,7.22320474781787e-15,1.2483565459028327e-31,0.0,0.0
