xmin,xmax,xmin_score,xmax_score,score,match_iou,match_ioa
0.375,0.41500000000000004,1.0,1.0,1.0,0.7777777777777766,0.8749999999999987
0.655,0.6950000000000001,5.690628090276872e-12,1.0,5.690628090276872e-12,0.0,0.0
0.615,0.655,6.476516034581437e-08,5.690628090276872e-12,3.68554440735177e-19,0.0,0.0
0.895,0.935,1.2249039282874466e-10,8.077582656570992e-13,9.894262727100357e-23,0.0,0.0
0.215,0.255,9.327697007575386e-19,2.072937821395726e-09,1.9335735913522755e-27,0.0,0.0
