xmin,xmax,xmin_score,xmax_score,score,match_iou,match_ioa
0.715,0.755,1.0,7.512352749472484e-05,7.512352749472484e-05,0.0,0.0
0.875,0.915,1.0,7.792806400175324e-07,7.792806400175324e-07,0.0,0.0
0.915,0.9550000000000001,7.792806400175324e-07,0.0004100374644622207,3.1953425773728557e-10,0.0,0.0
0.535,0.5750000000000001,7.066450831601234e-13,0.0012133850250393152,8.574325619241553e-16,0.0,0.0
0.245,0.28500000000000003,7.875993452629856e-16,1.0,7.875993452629856e-16,0.0,0.0
0.495,0.535,3.126944392306541e-08,7.066450831601234e-13,2.2096398801385372e-20,0.0,0.0
0.135,0.17500000000000002,5.224360869475901e-21,3.170304125887924e-07,1.656281281962687e-27,0.0,0.0
0.034999999999999996,0.07500000000000001,2.450305509610273e-24,1.4582311053112914e-11,3.573111711629336e-35,0.0,0.0
0.095,0.135,2.217167663939872e-22,5.224360869475901e-21,1.1583283984554762e-42,0.0,0.0
