xmin,xmax,xmin_score,xmax_score,score,match_iou,match_ioa
0.655,0.6950000000000001,1.0,1.0,1.0,0.7777777777777753,0.8749999999999972
0.935,0.985,0.9999928474426271,1.0,0.9999928474426271,0.8181818181818178,0.8999999999999998
0.034999999999999996,0.07500000000000001,0.9997825026512146,2.045284219764909e-10,2.0448393758695976e-10,0.0,0.0
0.765,0.805,1.2661132586799795e-06,3.021376571155088e-08,3.825404936204511e-14,0.0,0.0
0.895,0.935,1.1086696720790106e-15,0.9999928474426271,1.1086617422555735e-15,0.058823529411764705,0.125
0.805,0.855,3.021376571155088e-08,6.503341615227143e-11,1.9649043990465175e-18,0.0,0.0
0.855,0.895,6.503341615227143e-11,1.1086696720790106e-15,7.210057615971659e-26,0.0,0.0
0.015,0.055,1.7787654834648862e-16,2.955829483085315e-13,5.257727459520015e-29,0.2727272727272727,0.375
0.5750000000000001,0.625,5.162046463023928e-14,5.495220957492411e-18,2.8366585907158663e-31,0.0,0.0
