xmin,xmax,xmin_score,xmax_score,score,match_iou,match_ioa
0.155,0.195,1.0,1.0,1.0,0.7777777777777777,0.8749999999999999
0.195,0.23500000000000001,1.0,4.9947584263021476e-11,4.9947584263021476e-11,0.0,0.0
0.23500000000000001,0.275,4.9947584263021476e-11,1.2024487308637255e-12,6.005940930677916e-23,0.0,0.0
0.755,0.795,8.435995368927252e-07,5.5274082094880734e-18,4.662919005741186e-24,0.0,0.0
0.795,0.8350000000000001,5.5274082094880734e-18,1.8748492536246886e-08,1.036305715603769e-25,0.0,0.0
