xmin,xmax,xmin_score,xmax_score,score,match_iou,match_ioa
0.245,0.295,1.0,1.0,1.0,0.7999999999999998,0.7999999999999998
0.545,0.595,1.0,1.0,1.0,0.7999999999999996,0.7999999999999996
0.034999999999999996,0.07500000000000001,1.0,0.9999222755432128,0.9999222755432128,0.7777777777777778,0.8749999999999999
0.195,0.245,1.9139498874665147e-09,1.0,1.9139498874665147e-09,0.0,0.0
0.795,0.8350000000000001,1.1443528347143685e-09,4.173238630755805e-05,4.775657457044916e-14,0.0,0.0
