xmin,xmax,xmin_score,xmax_score,score,match_iou,match_ioa
0.015,0.055,1.0,0.9640227556228638,0.9640227556228638,0.7777777777777779,0.8750000000000001
