xmin,xmax,xmin_score,xmax_score,score,match_iou,match_ioa
0.485,0.525,1.0,1.0,1.0,0.7777777777777778,0.875
0.195,0.23500000000000001,0.001450969371944666,7.368565480003753e-11,1.069156282665419e-13,0.0,0.0
0.875,0.915,8.005491343617e-15,0.015240884386003016,1.2201076802121462e-16,0.0,0.0
0.005,0.045,9.494286199867002e-23,1.0,9.494286199867002e-23,0.5555555555555556,0.6249999999999999
0.125,0.165,3.729433788945971e-17,7.468314038305834e-07,2.7852582720917314e-23,0.0,0.0
