xmin,xmax,xmin_score,xmax_score,score,match_iou,match_ioa
0.755,0.795,1.0,1.0,1.0,0.7777777777777778,0.875
0.625,0.665,1.0,5.056147714628588e-16,5.056147714628588e-16,0.0,0.0
0.645,0.685,1.559479542029285e-13,1.385207702093822e-25,2.1602030728767118e-38,0.0,0.0
0.775,0.8150000000000001,3.1500824482164554e-26,3.0964329543340183e-14,9.754019101526616e-40,0.23076923076923078,0.375
