xmin,xmax,xmin_score,xmax_score,score,match_iou,match_ioa
0.9450000000000001,0.995,1.0,1.0,1.0,0.0,0.0
0.855,0.895,1.3663469244917794e-09,0.9999998807907104,1.3663467616105332e-09,0.05882352941176478,0.125
0.915,0.9550000000000001,2.264321271715913e-13,1.0,2.264321271715913e-13,0.3846153846153829,0.6249999999999972
0.795,0.8350000000000001,0.016347672790288925,4.358510012863852e-14,7.125149554349622e-16,0.0,0.0
0.535,0.5750000000000001,0.0002627453359309584,6.916074306912604e-17,1.8171662670932224e-20,0.0,0.0
0.615,0.655,1.910073432753734e-09,1.2988453357547921e-13,2.480889969081332e-22,0.0,0.0
0.675,0.725,3.864246422846662e-11,1.8579043011224478e-16,7.179400049603847e-27,0.0,0.0
