xmin,xmax,xmin_score,xmax_score,score,match_iou,match_ioa
0.865,0.905,1.0,1.0,1.0,0.7777777777777778,0.875
0.215,0.255,1.0175986843528191e-13,2.1303596895450028e-06,2.167851217279275e-19,0.0,0.0
0.525,0.5650000000000001,1.6050050828317342e-12,4.4463106974035333e-08,7.136351269181784e-20,0.0,0.0
0.485,0.525,8.724082789512977e-09,1.6050050828317342e-12,1.4002197220213182e-20,0.0,0.0
0.045,0.085,6.23996285753492e-08,5.954508211508539e-16,3.7155910074699966e-23,0.0,0.0
0.005,0.045,1.139971516564442e-17,6.23996285753492e-08,7.113379922009871e-25,0.0,0.0
