xmin,xmax,xmin_score,xmax_score,score,match_iou,match_ioa
0.525,0.5650000000000001,3.100992398685776e-05,1.0,3.100992398685776e-05,0.0,0.0
0.605,0.645,0.0035870347637683157,1.732250609620678e-07,6.21364315626823e-10,0.0,0.0
0.045,0.085,3.1807845609797484e-14,1.0,3.1807845609797484e-14,0.0,0.0
0.765,0.805,4.779811962896119e-12,2.5698790651063064e-08,1.2283538698591417e-19,0.0,0.0
0.855,0.895,1.6931184418349824e-17,1.05073304200329e-15,1.7790154908611416e-32,0.0,0.0
0.435,0.47500000000000003,7.586474063333022e-23,1.0667982339521154e-12,8.093237132687197e-35,0.0,0.0
0.005,0.045,2.9489827095254716e-35,3.1807845609797484e-14,9.380078673054846e-49,0.0,0.0
0.195,0.23500000000000001,8.579971148794042e-35,1.6268792044343278e-23,1.3958576636619536e-57,0.0,0.0
