xmin,xmax,xmin_score,xmax_score,score,match_iou,match_ioa
0.895,0.935,2.032904831139604e-06,1.0,2.032904831139604e-06,0.06666666666666686,0.125
0.515,0.555,3.5343551002542388e-12,3.081314758901498e-08,1.0890460533612171e-19,0.0,0.0
0.005,0.045,8.26093327077615e-08,7.071568807956452e-13,5.841775804223029e-20,0.0,0.0
0.595,0.635,7.0440567441487626e-12,2.5159476932379302e-11,1.7722478316478164e-22,0.0,0.0
0.295,0.335,5.1320157569119736e-14,1.2350684711059935e-11,6.338390854581139e-25,0.0,0.0
0.045,0.085,7.071568807956452e-13,1.1033837417958463e-14,7.802654051689782e-27,0.0,0.0
0.795,0.8350000000000001,1.2989127978510403e-19,2.477418825641564e-10,3.2179510182629226e-29,0.0,0.0
