xmin,xmax,xmin_score,xmax_score,score,match_iou,match_ioa
0.195,0.23500000000000001,1.0,1.0,1.0,0.7777777777777777,0.8749999999999999
0.125,0.165,0.028923967853188518,8.964692099766579e-09,2.592944661073816e-10,0.0,0.0
0.055,0.095,1.9119957528346282e-07,0.0006595170707441866,1.2609938381848198e-10,0.0,0.0
