xmin,xmax,xmin_score,xmax_score,score,match_iou,match_ioa
0.895,0.935,1.0,1.0,1.0,0.7777777777777778,0.875
0.095,0.135,3.45125408784952e-06,3.89168889114444e-07,1.3431207194200814e-12,0.0,0.0
0.135,0.17500000000000002,3.89168889114444e-07,1.9818771761492826e-06,7.712849390032875e-13,0.0,0.0
0.23500000000000001,0.275,1.5753325033340815e-10,2.6805224479176104e-05,4.222714138121249e-15,0.0,0.0
0.645,0.685,1.2796021837610527e-12,3.628592537552322e-07,4.643154935031011e-19,0.0,0.0
0.215,0.255,3.906584084001352e-11,1.0548351525585533e-08,4.120802218230382e-19,0.0,0.0
0.915,0.9550000000000001,4.180618960339592e-20,1.7447898681410834e-09,7.29430160455903e-29,0.23076923076923078,0.375
0.025,0.065,5.876734388686249e-20,1.9112345039928869e-10,1.1231817534458704e-29,0.0,0.0
