xmin,xmax,xmin_score,xmax_score,score,match_iou,match_ioa
0.375,0.41500000000000004,1.481263306457592e-10,0.00022179333609528842,3.2853433037476693e-14,0.0,0.0
0.895,0.935,3.853742411991101e-15,1.0,3.853742411991101e-15,0.0,0.0
0.765,0.805,1.0900200742014476e-09,6.224049053926707e-11,6.784338411594639e-20,0.0,0.0
0.855,0.895,1.0321612305358528e-14,3.853742411991101e-15,3.97768351012894e-29,0.0,0.0
0.485,0.525,1.1706095280942208e-14,4.889828229398225e-17,5.7240795160776555e-31,0.0,0.0
0.295,0.335,7.834796905560466e-25,6.046063473381664e-16,4.736967939207282e-40,0.0,0.0
