xmin,xmax,xmin_score,xmax_score,score,match_iou,match_ioa
0.215,0.255,1.2738552435109794e-09,1.0,1.2738552435109794e-09,0.06666666666666676,0.12500000000000008
0.595,0.635,8.588370015161216e-09,1.271097744393046e-06,1.0916657754284292e-14,0.0,0.0
0.635,0.675,1.271097744393046e-06,7.627154760363446e-16,9.69485921203466e-22,0.0,0.0
0.065,0.10500000000000001,4.633627034110054e-16,3.0348282109571294e-08,1.4062262042170804e-23,0.0,0.0
0.005,0.045,0.0,4.1171987965205736e-14,0.0,0.0,0.0
