xmin,xmax,xmin_score,xmax_score,score,match_iou,match_ioa
0.025,0.065,1.0,1.0,1.0,0.7777777777777777,0.8749999999999999
0.555,0.605,1.0,0.5211192965507507,0.5211192965507507,0.8181818181818178,0.8999999999999998
0.515,0.555,1.7041248412397179e-09,1.0,1.7041248412397179e-09,0.05882352941176478,0.125
0.855,0.895,0.9955295920372008,3.4054128874444482e-12,3.3901893025557976e-12,0.0,0.0
0.675,0.725,1.6585517681466655e-12,1.2112516856177535e-07,2.0089236248519541e-19,0.0,0.0
0.935,0.985,1.8670569579856512e-14,4.469175564736361e-06,8.344205334600474e-20,0.0,0.0
0.155,0.195,1.8785601058664972e-13,1.788698633653496e-10,3.36017789459937e-23,0.0,0.0
0.295,0.335,1.7147612539972212e-12,1.6713678509770735e-13,2.8659968320320874e-25,0.0,0.0
0.895,0.935,3.4054128874444482e-12,1.8670569579856512e-14,6.358099826317165e-26,0.0,0.0
