xmin,xmax,xmin_score,xmax_score,score,match_iou,match_ioa
0.10500000000000001,0.14500000000000002,0.9990991353988647,1.0,0.9990991353988647,0.0,0.0
0.065,0.10500000000000001,0.9994577765464784,0.9990991353988647,0.9985574004152583,0.7777777777777777,0.8749999999999999
