xmin,xmax,xmin_score,xmax_score,score,match_iou,match_ioa
0.095,0.135,1.0,1.0,1.0,0.7777777777777777,0.8749999999999999
0.595,0.635,1.0,1.0,1.0,0.7777777777777778,0.875
0.505,0.545,0.02664189226925373,0.004127214662730694,0.00010995680841655552,0.0,0.0
0.165,0.20500000000000002,5.288552581972361e-11,6.827165321965367e-08,3.610582279103211e-18,0.0,0.0
