xmin,xmax,xmin_score,xmax_score,score,match_iou,match_ioa
0.895,0.935,1.0,1.0,1.0,0.7777777777777778,0.875
0.855,0.895,0.9990414977073668,1.0,0.9990414977073668,0.06666666666666667,0.125
0.055,0.095,3.338178444469353e-15,3.0370359005438274e-11,1.0138167778274975e-25,0.0,0.0
0.135,0.17500000000000002,9.585936978700759e-20,4.92507756799654e-10,4.7211483182027633e-29,0.0,0.0
0.095,0.135,3.0370359005438274e-11,9.585936978700759e-20,2.9112834744664836e-30,0.0,0.0
0.245,0.28500000000000003,3.639893073982112e-22,1.1356952704655311e-11,4.133809349121728e-33,0.0,0.0
