xmin,xmax,xmin_score,xmax_score,score,match_iou,match_ioa
0.525,0.5650000000000001,1.0,1.0,1.0,0.7777777777777778,0.875
0.765,0.805,1.0,1.0,1.0,0.7777777777777778,0.875
0.865,0.905,1.1951003386911907e-07,0.9999929666519164,1.1950919331345137e-07,0.0,0.0
0.725,0.765,4.78815653792708e-10,1.0,4.78815653792708e-10,0.06666666666666667,0.125
0.485,0.525,1.144130092316925e-13,1.0,1.144130092316925e-13,0.06666666666666667,0.125
0.125,0.165,0.999984860420227,3.135829129043217e-17,3.1357816539079636e-17,0.0,0.0
0.185,0.225,1.9807849804820418e-10,2.5383746660168072e-08,5.027974413282211e-18,0.0,0.0
0.915,0.9550000000000001,1.0,2.9349194102303625e-21,2.9349194102303625e-21,0.0,0.0
0.165,0.20500000000000002,3.135829129043217e-17,2.6221532773702368e-17,8.222624627993726e-34,0.0,0.0
