xmin,xmax,xmin_score,xmax_score,score,match_iou,match_ioa
0.135,0.17500000000000002,1.0,0.9578757286071776,0.9578757286071776,0.7777777777777777,0.8749999999999999
0.095,0.135,6.067421413381846e-13,1.0,6.067421413381846e-13,0.06666666666666672,0.12500000000000008
0.055,0.095,5.292535022570359e-16,6.067421413381846e-13,3.2112040327016767e-28,0.0,0.0
