xmin,xmax,xmin_score,xmax_score,score,match_iou,match_ioa
0.625,0.665,0.0008936678059399127,1.0,0.0008936678059399127,0.0,0.0
0.505,0.545,1.5056411792249008e-13,1.0,1.5056411792249008e-13,0.0,0.0
0.045,0.085,0.00010237155220238492,1.0351980384015746e-09,1.0597483002803327e-13,0.0,0.0
0.765,0.805,3.759086819599133e-09,1.1772749530791773e-07,4.4254787591641237e-16,0.0,0.0
0.005,0.045,5.809137447522357e-19,0.00010237155220238492,5.94690417459864e-23,0.0,0.0
0.305,0.34500000000000003,1.4282099132851596e-16,4.3179329556330975e-10,6.166914652135879e-26,0.0,0.0
