xmin,xmax,xmin_score,xmax_score,score,match_iou,match_ioa
0.545,0.595,1.0,0.9998668432235718,0.9998668432235718,0.7999999999999996,0.7999999999999996
0.505,0.545,4.413192088246337e-13,1.0,4.413192088246337e-13,0.0,0.0
0.034999999999999996,0.07500000000000001,2.5461520912484215e-12,1.690113577978991e-07,4.30328622101856e-19,0.0,0.0
0.6950000000000001,0.745,3.8815722554555454e-13,4.261470065713978e-10,1.6541203974529697e-22,0.0,0.0
0.455,0.505,5.8503080851979306e-12,4.413192088246337e-13,2.5818533355399085e-24,0.17647058823529357,0.2999999999999992
0.165,0.215,8.069873658200777e-09,4.173550699420387e-17,3.368002685041801e-25,0.0,0.0
0.655,0.6950000000000001,1.0015555201815195e-19,3.8815722554555454e-13,3.8876101194349324e-32,0.0,0.0
