xmin,xmax,xmin_score,xmax_score,score,match_iou,match_ioa
0.885,0.925,0.01654224283993244,0.99998939037323,0.01654206733290997,0.7777777777777778,0.875
0.125,0.165,0.001637947978451848,1.3091747685933795e-09,2.1443601656576918e-12,0.0,0.0
0.23500000000000001,0.275,1.0168192243059648e-12,1.0,1.0168192243059648e-12,0.09090909090909109,0.12500000000000008
0.195,0.23500000000000001,5.977477940177778e-06,1.0168192243059648e-12,6.0780144824375845e-18,0.0,0.0
0.525,0.5650000000000001,5.650480616736787e-08,4.7204505929099305e-12,2.6672814577501236e-19,0.0,0.0
