xmin,xmax,xmin_score,xmax_score,score,match_iou,match_ioa
0.895,0.935,7.697018716834593e-11,1.0,7.697018716834593e-11,0.0,0.0
0.525,0.5650000000000001,4.719729468360967e-11,1.0,4.719729468360967e-11,0.0,0.0
0.155,0.195,2.1989364995533838e-06,3.0740973655518644e-10,6.759744900292895e-16,0.0,0.0
0.195,0.23500000000000001,3.0740973655518644e-10,1.3379864185480983e-06,4.113100524402883e-16,0.0,0.0
0.725,0.765,5.976503485799625e-19,5.001121738956726e-09,2.9889221505783158e-27,0.0,0.0
