xmin,xmax,xmin_score,xmax_score,score,match_iou,match_ioa
0.765,0.805,0.9996614456176758,0.9999837875366212,0.9996452386430975,0.7777777777777778,0.875
0.585,0.625,3.505122731439769e-05,2.0419211840035784e-13,7.15718435785935e-18,0.0,0.0
0.525,0.5650000000000001,1.3405140882147717e-14,1.162077069238876e-06,1.557780682906046e-20,0.0,0.0
0.845,0.885,1.3361102446651785e-07,1.5093456069799696e-19,2.0166521282263195e-26,0.0,0.0
