xmin,xmax,xmin_score,xmax_score,score,match_iou,match_ioa
0.795,0.8350000000000001,1.0,0.9997796416282654,0.9997796416282654,0.7777777777777753,0.8749999999999972
0.095,0.135,0.9977810978889464,1.0,0.9977810978889464,0.0,0.0
0.055,0.095,0.999997854232788,0.9977810978889464,0.9977789568829818,0.7777777777777777,0.8749999999999999
0.435,0.47500000000000003,1.7364479845127791e-06,1.0,1.7364479845127791e-06,0.06666666666666751,0.1250000000000014
0.015,0.055,2.059982051605402e-07,0.999997854232788,2.0599776313634584e-07,0.06666666666666664,0.12499999999999993
0.755,0.795,4.7739540320890235e-08,1.0,4.7739540320890235e-08,0.06666666666666676,0.125
0.615,0.655,1.9998974920554247e-08,1.7975171431316994e-05,3.5948500264757175e-13,0.0,0.0
0.185,0.225,1.0,4.2467101341557573e-14,4.2467101341557573e-14,0.0,0.0
0.305,0.34500000000000003,6.716762533073121e-29,1.8914830590688325e-08,1.2704642543096068e-36,0.0,0.0
