xmin,xmax,xmin_score,xmax_score,score,match_iou,match_ioa
0.225,0.265,1.0,1.0,1.0,0.7777777777777777,0.8749999999999999
0.155,0.195,8.295629640997504e-07,0.038109518587589264,3.161424519993508e-08,0.0,0.0
