xmin,xmax,xmin_score,xmax_score,score,match_iou,match_ioa
0.034999999999999996,0.07500000000000001,1.0,1.0,1.0,0.7777777777777778,0.8749999999999999
0.735,0.775,1.0,0.9999986886978148,0.9999986886978148,0.7777777777777778,0.875
0.165,0.20500000000000002,7.700212336203549e-06,1.0,7.700212336203549e-06,0.0,0.0
0.125,0.165,0.0008133169030770659,7.700212336203549e-06,6.2627128503168894e-09,0.0,0.0
0.515,0.555,4.1695931429774895e-11,0.010397186502814293,4.335203754839258e-13,0.0,0.0
0.885,0.925,2.7255858014996196e-08,2.0454596350028e-10,5.575075738704226e-18,0.0,0.0
0.585,0.625,1.5675202021808719e-12,8.490527542890929e-21,1.330907345065465e-32,0.0,0.0
