xmin,xmax,xmin_score,xmax_score,score,match_iou,match_ioa
0.615,0.655,6.896621584928653e-07,2.709093366304316e-12,1.868359178564137e-18,0.0,0.0
0.655,0.6950000000000001,2.709093366304316e-12,1.3177813874831744e-11,3.569992815069965e-23,0.0,0.0
0.505,0.545,0.00422191433608532,1.628337295488493e-24,6.874700571805267e-27,0.0,0.0
0.595,0.635,1.8590152212287188e-18,2.6264318207813205e-14,4.882576732351933e-32,0.0,0.0
0.375,0.41500000000000004,9.501068958276891e-14,4.22169908177891e-25,4.0110654097075654e-38,0.0,0.0
