xmin,xmax,xmin_score,xmax_score,score,match_iou,match_ioa
0.305,0.34500000000000003,8.883288273864309e-07,1.0,8.883288273864309e-07,0.0,0.0
0.895,0.935,1.7323315004702524e-09,1.0,1.7323315004702524e-09,0.06666666666666686,0.125
0.435,0.47500000000000003,7.69074300771555e-12,6.004456914315838e-13,4.617873502890382e-24,0.0,0.0
0.585,0.625,1.6350681919519158e-10,1.7735738279487514e-14,2.899914152157403e-24,0.0,0.0
0.625,0.665,1.7735738279487514e-14,5.509780999501944e-13,9.772003378445962e-27,0.0,0.0
0.605,0.645,6.344293410620594e-07,4.122541399861377e-22,2.615461223815113e-28,0.0,0.0
0.665,0.7050000000000001,5.509780999501944e-13,1.3864663760215689e-17,7.639126095051958e-30,0.0,0.0
