xmin,xmax,xmin_score,xmax_score,score,match_iou,match_ioa
0.045,0.085,2.2189638002600987e-06,0.00028729502810165286,6.374972673522755e-10,0.0,0.0
0.515,0.555,5.33580853112614e-11,1.0,5.33580853112614e-11,0.7777777777777778,0.875
0.755,0.795,2.1422731322218172e-07,1.2792240156045409e-08,2.7404472387225107e-15,0.0,0.0
0.795,0.8350000000000001,1.2792240156045409e-08,1.9139784512844926e-07,2.448407200232709e-15,0.0,0.0
0.895,0.935,2.4000932171475146e-05,9.043890636384332e-11,2.1706180573009954e-15,0.0,0.0
0.195,0.23500000000000001,5.322601515824333e-16,5.372849387619283e-10,2.8597536294838237e-25,0.0,0.0
0.215,0.255,7.141060154337639e-17,2.431250730253187e-13,1.736170771501532e-29,0.0,0.0
0.645,0.685,6.106511538644582e-32,3.2599978894073587e-26,1.990721472762302e-57,0.0,0.0
0.005,0.045,0.0,2.2189638002600987e-06,0.0,0.0,0.0
