xmin,xmax,xmin_score,xmax_score,score,match_iou,match_ioa
0.535,0.585,0.9999994039535522,0.9999954700469972,0.9999948740032495,0.8181818181818178,0.8999999999999998
0.125,0.165,1.0,9.855334220422193e-16,9.855334220422193e-16,0.0,0.0
0.195,0.23500000000000001,3.74322884545764e-18,0.10277452319860457,3.8470855981517197e-19,0.0,0.0
0.025,0.065,4.874835886521656e-13,3.8003988844792496e-11,1.8526320865156314e-23,0.0,0.0
0.925,0.975,1.2854849407162305e-09,7.149066125293809e-19,9.190016844249723e-28,0.0,0.0
0.005,0.045,0.0,3.4614578564573506e-11,0.0,0.0,0.0
