xmin,xmax,xmin_score,xmax_score,score,match_iou,match_ioa
0.715,0.755,1.0,1.0,1.0,0.7777777777777778,0.875
0.905,0.9450000000000001,3.47408713423647e-05,1.0,3.47408713423647e-05,0.0,0.0
0.125,0.165,0.9999998807907104,8.684482022403016e-10,8.684480987132084e-10,0.0,0.0
0.885,0.925,4.509139671426965e-06,4.774124651163447e-09,2.152719486089852e-14,0.0,0.0
0.315,0.35500000000000004,1.099218479794217e-06,2.7241240374564772e-09,2.994407483223794e-15,0.0,0.0
0.245,0.28500000000000003,0.00037431123200804,9.456269046883432e-14,3.539587717138432e-17,0.0,0.0
0.635,0.675,1.4720798672058282e-16,0.019507285207509998,2.8716281817817536e-18,0.0,0.0
0.10500000000000001,0.14500000000000002,2.478030263013648e-28,1.8335872642265272e-13,4.5436847306297364e-41,0.23076923076923048,0.37499999999999956
