xmin,xmax,xmin_score,xmax_score,score,match_iou,match_ioa
0.715,0.755,1.0,0.9999997615814208,0.9999997615814208,0.7777777777777778,0.875
0.915,0.9550000000000001,1.3022444456112224e-08,1.3156266874536636e-11,1.713267546234425e-19,0.0,0.0
