xmin,xmax,xmin_score,xmax_score,score,match_iou,match_ioa
0.605,0.645,1.0,0.996591329574585,0.996591329574585,0.7777777777777778,0.875
0.375,0.41500000000000004,0.0030946631450206037,1.0,0.0030946631450206037,0.0,0.0
0.425,0.465,1.0,1.1299829821842522e-10,1.1299829821842522e-10,0.0,0.0
0.895,0.935,1.3475061344525585e-11,5.756444352300605e-07,7.75684407735985e-18,0.0,0.0
0.10500000000000001,0.14500000000000002,2.592210194052313e-06,1.6269870398268054e-20,4.2174923902300416e-26,0.0,0.0
0.855,0.895,1.2448550181362179e-26,1.3475061344525585e-11,1.6774497734426046e-37,0.0,0.0
0.005,0.045,1.0171714800586398e-36,2.6950507797662837e-11,2.741328790488062e-47,0.0,0.0
