xmin,xmax,xmin_score,xmax_score,score,match_iou,match_ioa
0.015,0.055,1.0,1.0,1.0,0.7777777777777779,0.8750000000000001
0.055,0.095,1.0,5.370795496707771e-13,5.370795496707771e-13,0.0,0.0
