xmin,xmax,xmin_score,xmax_score,score,match_iou,match_ioa
0.195,0.23500000000000001,1.0,0.999986171722412,0.999986171722412,0.7777777777777777,0.8749999999999999
0.23500000000000001,0.275,0.999986171722412,9.050438350144408e-13,9.05031319817061e-13,0.0,0.0
0.005,0.045,0.0,1.361831196991731e-15,0.0,0.0,0.0
