xmin,xmax,xmin_score,xmax_score,score,match_iou,match_ioa
0.305,0.34500000000000003,1.0,1.0,1.0,0.7777777777777778,0.875
0.055,0.095,0.9999237060546876,9.096668662778026e-08,9.095974642036544e-08,0.0,0.0
0.745,0.785,1.0,2.625106354514628e-09,2.625106354514628e-09,0.0,0.0
0.015,0.055,5.255402224513261e-10,0.9999237060546876,5.25500126914335e-10,0.0,0.0
0.665,0.7050000000000001,8.223677988583589e-11,1.0,8.223677988583589e-11,0.06666666666666825,0.12500000000000278
0.915,0.9550000000000001,1.2064583296474995e-18,0.04236900806427002,5.1116442698040645e-20,0.0,0.0
0.875,0.915,2.7358046494896364e-08,1.2064583296474995e-18,3.3006343076651297e-26,0.0,0.0
