xmin,xmax,xmin_score,xmax_score,score,match_iou,match_ioa
0.905,0.9450000000000001,1.0,1.0,1.0,0.7777777777777753,0.8749999999999972
0.315,0.35500000000000004,2.8566395485540852e-05,1.0,2.8566395485540852e-05,0.06666666666666746,0.1250000000000014
0.855,0.895,2.6904923288384452e-05,1.0,2.6904923288384452e-05,0.0,0.0
0.025,0.065,1.3952273767613634e-15,5.520840673511884e-08,7.702828050421425e-23,0.0,0.0
0.765,0.805,1.3024809529527115e-11,2.6973338571257203e-15,3.513225972660721e-26,0.0,0.0
0.635,0.675,1.0922630161447343e-10,7.900897821873615e-19,8.629858485171037e-29,0.0,0.0
0.125,0.165,6.494798764826535e-16,1.0613938949405763e-20,6.89353975785448e-36,0.0,0.0
0.005,0.045,0.0,4.2210915208312307e-23,0.0,0.0,0.0
