xmin,xmax,xmin_score,xmax_score,score,match_iou,match_ioa
0.725,0.765,1.0,1.0,1.0,0.7777777777777778,0.875
0.845,0.885,7.733940947218798e-06,7.232538791868138e-06,5.593602791477737e-11,0.0,0.0
0.765,0.805,1.0,2.8044168549901105e-13,2.8044168549901105e-13,0.0,0.0
0.165,0.20500000000000002,5.136248956531808e-13,2.0062307370949384e-09,1.0304500529965918e-21,0.0,0.0
0.095,0.135,4.328520875063191e-10,1.087767320925608e-19,4.7084235558380555e-29,0.0,0.0
0.315,0.35500000000000004,1.4048266673213905e-12,1.419004352596955e-17,1.9934551555733275e-29,0.0,0.0
0.005,0.045,0.0,3.3484571559938565e-08,0.0,0.0,0.0
