xmin,xmax,xmin_score,xmax_score,score,match_iou,match_ioa
0.775,0.8150000000000001,1.0,1.0,1.0,0.7777777777777778,0.875
0.055,0.095,0.9999501705169678,1.0,0.9999501705169678,0.5555555555555556,0.625
0.095,0.135,1.0,1.2605942678600712e-10,1.2605942678600712e-10,0.0,0.0
0.875,0.915,1.024755302836411e-08,2.2507982066599645e-05,2.306517397889483e-13,0.0,0.0
0.635,0.675,1.5520657675738292e-11,5.547678427753057e-10,8.610361777223322e-21,0.0,0.0
