xmin,xmax,xmin_score,xmax_score,score,match_iou,match_ioa
0.885,0.925,1.0,1.0,1.0,0.5555555555555556,0.625
0.005,0.045,0.0,2.920468489264749e-07,0.0,0.0,0.0
