xmin,xmax,xmin_score,xmax_score,score,match_iou,match_ioa
0.615,0.655,0.9950414299964904,0.9999842643737792,0.9950257723964737,0.7777777777777778,0.875
0.655,0.6950000000000001,0.9999842643737792,2.9124344109732188e-06,2.912388581993935e-06,0.0,0.0
0.155,0.195,8.474841706629379e-06,1.2947648428962566e-05,1.0972927090854631e-10,0.0,0.0
0.425,0.465,4.0383969497452543e-14,5.9473812541455124e-08,2.4017886315713344e-21,0.0,0.0
0.034999999999999996,0.07500000000000001,5.4300815688530784e-14,4.348967408418503e-08,2.361524776799605e-21,0.0,0.0
0.095,0.135,3.944629047231488e-14,2.068061433907476e-12,8.157735203650632e-26,0.0,0.0
0.725,0.765,3.176020546414871e-21,3.4396913465074377e-23,1.0924530389833057e-43,0.0,0.0
