xmin,xmax,xmin_score,xmax_score,score,match_iou,match_ioa
0.155,0.195,1.0,1.0,1.0,0.7777777777777777,0.8749999999999999
0.055,0.095,3.1993582894074286e-08,1.0118057086616616e-10,3.237128981276445e-18,0.0,0.0
