xmin,xmax,xmin_score,xmax_score,score,match_iou,match_ioa
0.425,0.465,0.9999997615814208,0.9999992847442628,0.9999990463258541,0.7777777777777778,0.875
0.925,0.975,5.786491286130512e-10,1.0,5.786491286130512e-10,0.0,0.0
0.095,0.135,1.0080373158416477e-07,7.301499863388018e-05,7.360184323907815e-12,0.0,0.0
0.375,0.41500000000000004,3.0123519238929586e-13,1.0,3.0123519238929586e-13,0.0,0.0
0.305,0.34500000000000003,2.98428746992041e-11,3.521633698255755e-05,1.0509567319354125e-15,0.0,0.0
0.885,0.925,1.9255709526877496e-10,5.786491286130512e-10,1.114229953855369e-19,0.0,0.0
0.8350000000000001,0.885,7.28631738278196e-11,1.9255709526877496e-10,1.4030321104348768e-20,0.0,0.0
0.5750000000000001,0.625,2.5923386175993926e-15,4.860332136757961e-10,1.2599626692477035e-24,0.0,0.0
0.005,0.045,1.4426229802455102e-37,6.270321718446215e-13,9.045710204563027e-50,0.0,0.0
