xmin,xmax,xmin_score,xmax_score,score,match_iou,match_ioa
0.645,0.685,1.0,1.0,1.0,0.7777777777777778,0.875
0.855,0.895,1.0,1.0,1.0,0.7777777777777778,0.875
0.595,0.635,1.762045709536621e-14,1.0,1.762045709536621e-14,0.0,0.0
0.735,0.775,4.240919437847879e-08,1.0345841344001558e-13,4.387587965666643e-21,0.0,0.0
0.125,0.165,4.536883496911649e-17,1.6692621729319512e-09,7.573248004393848e-26,0.0,0.0
0.165,0.20500000000000002,1.6692621729319512e-09,4.3436316065065995e-17,7.250659933893108e-26,0.0,0.0
0.525,0.5650000000000001,6.362878515947379e-19,4.6694927384374064e-14,2.9711415025775667e-32,0.0,0.0
0.005,0.045,1.804948550892539e-19,2.1260494583560904e-21,3.837409888985693e-40,0.0,0.0
