xmin,xmax,xmin_score,xmax_score,score,match_iou,match_ioa
0.155,0.195,1.0,1.0,1.0,0.7777777777777777,0.8749999999999999
0.005,0.045,9.025006284599904e-33,2.0795827082933924e-13,1.8768247011693154e-45,0.3333333333333333,0.375
