xmin,xmax,xmin_score,xmax_score,score,match_iou,match_ioa
0.595,0.635,1.0,1.0,1.0,0.7777777777777778,0.875
0.295,0.335,1.0,3.4154903179388052e-15,3.4154903179388052e-15,0.0,0.0
0.715,0.755,1.635709345748637e-08,1.0266661965019352e-09,1.6793274925824222e-17,0.0,0.0
0.034999999999999996,0.07500000000000001,3.456101030363534e-11,4.742760779663513e-07,1.6391460417362826e-17,0.0,0.0
0.245,0.28500000000000003,6.702747117163228e-26,1.0,6.702747117163228e-26,0.0,0.0
0.435,0.47500000000000003,3.5361441959582143e-26,1.2586631769392204e-13,4.450814487799951e-39,0.0,0.0
