xmin,xmax,xmin_score,xmax_score,score,match_iou,match_ioa
0.905,0.9450000000000001,3.7340641938499175e-06,1.0,3.7340641938499175e-06,0.0,0.0
0.865,0.905,4.075935976288747e-06,3.7340641938499175e-06,1.5219806585484517e-11,0.0,0.0
0.034999999999999996,0.07500000000000001,3.696391181573515e-24,1.0,3.696391181573515e-24,0.06666666666666672,0.12500000000000006
0.23500000000000001,0.275,5.2393847473777225e-18,9.524499233748428e-08,4.990251601171232e-25,0.0,0.0
