xmin,xmax,xmin_score,xmax_score,score,match_iou,match_ioa
0.245,0.28500000000000003,1.0,1.0,1.0,0.7777777777777778,0.875
0.885,0.925,1.863249502536096e-15,2.550109776122689e-11,4.7514907717730356e-26,0.0,0.0
0.535,0.5750000000000001,1.6313647768964683e-17,4.635559436305669e-10,7.562288385599116e-27,0.0,0.0
