xmin,xmax,xmin_score,xmax_score,score,match_iou,match_ioa
0.875,0.915,1.0,1.0,1.0,0.7777777777777778,0.875
0.125,0.165,0.04525445774197578,2.614691241298317e-10,1.1832643428764888e-11,0.0,0.0
0.165,0.20500000000000002,2.614691241298317e-10,1.842817098918204e-08,4.818397727856202e-18,0.0,0.0
0.305,0.34500000000000003,2.8396942752806353e-07,3.807267435346207e-12,1.081147554061501e-18,0.0,0.0
0.605,0.645,4.631467709348414e-10,4.1994911020859504e-11,1.9449807435007065e-20,0.0,0.0
0.045,0.085,6.516181816351717e-09,3.093590921626755e-13,2.015840091073501e-21,0.0,0.0
0.755,0.795,5.3873305494262005e-18,9.040095755308286e-11,4.870198403231045e-28,0.0,0.0
0.005,0.045,6.892044486931629e-35,6.516181816351717e-09,4.490981496323098e-43,0.0,0.0
