xmin,xmax,xmin_score,xmax_score,score,match_iou,match_ioa
0.265,0.315,1.0,1.0,1.0,0.818181818181818,0.8999999999999999
0.545,0.595,2.157715117689918e-09,1.0,2.157715117689918e-09,0.0,0.0
0.9450000000000001,0.995,1.1385702380906082e-09,1.0,1.1385702380906082e-09,0.0,0.0
0.775,0.8150000000000001,2.0751840246191477e-09,1.201400891659432e-06,2.493127937534853e-15,0.0,0.0
0.505,0.545,2.4432226908288606e-08,2.157715117689918e-09,5.271778535884473e-17,0.0,0.0
0.795,0.845,2.391288833614169e-10,5.6192720615522156e-11,1.3437302533829885e-20,0.0,0.0
