xmin,xmax,xmin_score,xmax_score,score,match_iou,match_ioa
0.905,0.9450000000000001,7.552310853498057e-05,7.727803813528665e-11,5.836277661461621e-15,0.0,0.0
0.065,0.10500000000000001,6.5025157480747e-10,1.481701012698202e-14,9.63478416900829e-24,0.0,0.0
0.315,0.35500000000000004,5.595373340008813e-13,1.1236091892164287e-16,6.287012901930523e-29,0.0,0.0
0.545,0.595,1.085308708945845e-28,1.3245861524493345e-17,1.437584887002331e-45,0.0,0.0
0.9450000000000001,0.995,7.727803813528665e-11,0.0,0.0,0.0,0.0
