xmin,xmax,xmin_score,xmax_score,score,match_iou,match_ioa
0.295,0.335,1.0,0.9998717308044434,0.9998717308044434,0.7777777777777778,0.875
0.615,0.655,6.065267177390865e-10,9.01871466396642e-09,5.470091403360922e-18,0.0,0.0
0.225,0.265,0.09611530601978302,1.0665575828391358e-18,1.0251250846230362e-19,0.0,0.0
0.715,0.755,3.960762991997609e-14,6.345770020566023e-10,2.5134091053185812e-23,0.0,0.0
