xmin,xmax,xmin_score,xmax_score,score,match_iou,match_ioa
0.865,0.905,1.0,0.9979401230812072,0.9979401230812072,0.7777777777777778,0.875
0.305,0.34500000000000003,2.1384148851666398e-07,8.775135938776657e-06,1.876488131084074e-12,0.0,0.0
0.665,0.7050000000000001,1.3402246326621462e-11,1.3123212738719305e-06,1.7588052972097277e-17,0.0,0.0
0.755,0.795,5.878727951484641e-13,8.76846880694393e-14,5.1547442667102466e-26,0.0,0.0
0.155,0.195,9.875729567454528e-09,1.5793356620819248e-23,1.5597091894957837e-31,0.0,0.0
0.005,0.045,0.0,2.872258145033666e-32,0.0,0.1111111111111111,0.125
