xmin,xmax,xmin_score,xmax_score,score,match_iou,match_ioa
0.555,0.605,0.9999042749404908,1.0,0.9999042749404908,0.8181818181818178,0.8999999999999998
0.615,0.655,1.0,1.1490340039579965e-19,1.1490340039579965e-19,0.0,0.0
0.805,0.855,3.8719508155260485e-10,5.020666499731818e-13,1.9439773748120926e-22,0.0,0.0
0.034999999999999996,0.07500000000000001,6.553865252150597e-14,1.9105794420506967e-13,1.2521680216729336e-26,0.0,0.0
0.215,0.255,6.3655964180342464e-12,1.0851584726829543e-15,6.907680886710129e-27,0.0,0.0
0.935,0.985,2.447154024559639e-12,1.3666126728359523e-24,3.3443117023447056e-36,0.4545454545454555,0.5000000000000011
0.155,0.195,3.311210363896961e-33,2.136678854680607e-11,7.074993167937915e-44,0.0,0.0
