xmin,xmax,xmin_score,xmax_score,score,match_iou,match_ioa
0.895,0.935,1.4151909510928815e-07,7.567447779521784e-10,1.0709383620447148e-16,0.0,0.0
0.5750000000000001,0.625,9.191490235593848e-09,1.1351700422755975e-13,1.043390435931481e-21,0.0,0.0
0.7050000000000001,0.755,6.74594338723189e-11,2.8990249870824983e-12,1.9556658441029195e-22,0.0,0.0
0.034999999999999996,0.07500000000000001,3.825947371416393e-12,4.1259430225669413e-13,1.5785640861803797e-24,0.0,0.0
0.535,0.5750000000000001,2.2509021693882194e-18,9.191490235593848e-09,2.0689145311208828e-26,0.0,0.0
0.14500000000000002,0.195,5.345414018918023e-15,2.69979406432102e-15,1.4431517039613247e-29,0.0,0.0
0.055,0.095,2.24427816825426e-15,2.260103284807812e-15,5.072300460093913e-30,0.0,0.0
