xmin,xmax,xmin_score,xmax_score,score,match_iou,match_ioa
0.305,0.34500000000000003,0.005102455150336027,1.0,0.005102455150336027,0.0,0.0
0.015,0.055,1.817738315423867e-08,1.0496495166101294e-11,1.9079881441083728e-19,0.0,0.0
0.055,0.095,1.0496495166101294e-11,1.2032279469650908e-12,1.262967632903706e-23,0.0,0.0
0.095,0.135,1.2032279469650908e-12,4.040442449609578e-16,4.861573273474335e-28,0.0,0.0
