xmin,xmax,xmin_score,xmax_score,score,match_iou,match_ioa
0.765,0.805,1.0,1.0,1.0,0.7777777777777778,0.875
0.615,0.655,1.0,1.1200100846764374e-09,1.1200100846764374e-09,0.0,0.0
0.365,0.405,2.4378785212775256e-08,1.1350824280498273e-07,2.7671930712222163e-15,0.0,0.0
0.045,0.085,4.278530654766577e-11,3.3845071656293114e-14,1.4480717659422148e-24,0.0,0.0
0.005,0.045,0.0,4.278530654766577e-11,0.0,0.0,0.0
