xmin,xmax,xmin_score,xmax_score,score,match_iou,match_ioa
0.045,0.085,0.0005090158083476126,0.006735385861247778,3.4284178786961187e-06,0.0,0.0
0.305,0.34500000000000003,2.3161728425095474e-15,1.0,2.3161728425095474e-15,0.0,0.0
0.915,0.9550000000000001,1.0,1.2778802292656886e-27,1.2778802292656886e-27,0.0,0.0
0.005,0.045,5.979284028983293e-35,0.0005090158083476126,3.0435500933529006e-38,0.0,0.0
0.585,0.625,1.5337844968776296e-15,4.2635190635550045e-25,6.539319441822895e-40,0.0,0.0
0.435,0.47500000000000003,1.726361804949529e-16,8.855627505083562e-30,1.5288017083636752e-45,0.0,0.0
