xmin,xmax,xmin_score,xmax_score,score,match_iou,match_ioa
0.305,0.34500000000000003,1.0,1.0,1.0,0.7777777777777778,0.875
0.765,0.805,0.9993377327919006,1.0,0.9993377327919006,0.0,0.0
0.915,0.9550000000000001,1.0,0.9987560510635376,0.9987560510635376,0.5555555555555531,0.6249999999999972
0.195,0.23500000000000001,3.504029422174426e-08,4.234022234409444e-17,1.4836138483511397e-24,0.0,0.0
0.595,0.635,5.1724523969509655e-11,5.594487180492143e-17,2.8937218626448035e-27,0.0,0.0
0.665,0.7050000000000001,1.4220024058614268e-15,4.509281538661938e-15,6.412209196683793e-30,0.0,0.0
0.375,0.41500000000000004,2.2594999855911303e-15,2.795538047220564e-19,6.31651817741432e-34,0.0,0.0
0.525,0.5650000000000001,8.9199403072171e-12,4.038576559722591e-24,3.6023861838851706e-35,0.0,0.0
0.505,0.545,6.579345196485521e-35,3.7366498644557e-19,2.458470933665488e-53,0.0,0.0
