xmin,xmax,xmin_score,xmax_score,score,match_iou,match_ioa
0.315,0.35500000000000004,1.0,1.0,1.0,0.7777777777777766,0.8749999999999987
0.635,0.675,1.0,1.0,1.0,0.7777777777777778,0.875
0.585,0.625,1.8022844869847177e-06,1.0,1.8022844869847177e-06,0.0,0.0
0.365,0.405,1.0,1.4856284605291314e-11,1.4856284605291314e-11,0.0,0.0
0.055,0.095,1.0188373380515259e-06,1.4662304641363706e-14,1.493850343050753e-20,0.0,0.0
0.095,0.135,1.4662304641363706e-14,1.0890786050765655e-09,1.5968402286024037e-23,0.0,0.0
0.245,0.28500000000000003,7.815385671960941e-09,6.2798549498349254e-34,4.907948839693287e-42,0.0,0.0
