xmin,xmax,xmin_score,xmax_score,score,match_iou,match_ioa
0.915,0.9550000000000001,1.0,1.0,1.0,0.0,0.0
0.845,0.885,0.9981656670570374,0.9746305346488952,0.9728427377519714,0.75,0.75
0.785,0.8250000000000001,8.962216213603824e-08,0.6247985363006592,5.599579572269705e-08,0.0909090909090931,0.12500000000000278
0.655,0.6950000000000001,2.8927011896939803e-08,1.0,2.8927011896939803e-08,0.06666666666666825,0.12500000000000278
0.095,0.135,2.5337366431436035e-15,4.0335943919242535e-21,1.0220065914397023e-35,0.0,0.0
