xmin,xmax,xmin_score,xmax_score,score,match_iou,match_ioa
0.165,0.20500000000000002,1.0,1.0,1.0,0.7777777777777777,0.8749999999999999
0.725,0.765,1.0,1.0,1.0,0.7777777777777778,0.875
0.915,0.9550000000000001,0.00020362956274766478,1.6106463385234804e-11,3.2797520965466357e-15,0.3846153846153829,0.6249999999999972
0.535,0.5750000000000001,1.4852878926774338e-08,2.8945701629860826e-13,4.2992700175885746e-21,0.0,0.0
