xmin,xmax,xmin_score,xmax_score,score,match_iou,match_ioa
0.895,0.935,1.0,1.0,1.0,0.7777777777777778,0.875
0.845,0.885,3.4749359656416345e-06,1.0,3.4749359656416345e-06,0.0,0.0
0.775,0.8150000000000001,7.005881798249902e-06,9.450205985046983e-15,6.620702610035295e-20,0.0,0.0
0.625,0.665,9.952373994370768e-12,1.2993217612944363e-12,1.293133610742677e-23,0.0,0.0
0.435,0.47500000000000003,5.8903455446568395e-09,4.598630999354599e-19,2.7087525618569192e-27,0.0,0.0
0.005,0.045,6.625575357926679e-16,1.6358545735131194e-21,1.083847775142018e-36,0.0,0.0
0.245,0.28500000000000003,7.146023409919961e-31,7.27971793902573e-15,5.202103480989216e-45,0.0,0.0
