xmin,xmax,xmin_score,xmax_score,score,match_iou,match_ioa
0.23500000000000001,0.275,1.0,1.0,1.0,0.7777777777777777,0.8749999999999999
0.165,0.20500000000000002,5.148224511627997e-13,1.9250216036761022e-16,9.910443405458745e-29,0.0,0.0
0.10500000000000001,0.14500000000000002,1.0252984471951471e-20,3.774695139791007e-11,3.870189065462788e-31,0.0,0.0
0.065,0.10500000000000001,3.788271363051778e-20,1.0252984471951471e-20,3.884108746090832e-40,0.0,0.0
