xmin,xmax,xmin_score,xmax_score,score,match_iou,match_ioa
0.305,0.34500000000000003,1.0,1.0,1.0,0.7777777777777778,0.875
0.215,0.255,0.9990696310997008,1.8533431733747108e-11,1.851618880524621e-11,0.0,0.0
0.505,0.545,1.0,1.2279775449524494e-14,1.2279775449524494e-14,0.0,0.0
0.005,0.045,0.002102514496073127,9.422677482023858e-13,1.981131599777699e-15,0.0,0.0
0.615,0.655,3.877329013413089e-11,5.2670316049910816e-18,2.0422014456595627e-28,0.0,0.0
0.655,0.6950000000000001,5.2670316049910816e-18,1.0502600799813671e-15,5.5317530347223215e-33,0.0,0.0
