xmin,xmax,xmin_score,xmax_score,score,match_iou,match_ioa
0.525,0.5650000000000001,1.0,1.0,1.0,0.7777777777777778,0.875
0.155,0.195,6.984019612632508e-11,1.386957836448967e-14,9.686540731653937e-25,0.0,0.0
0.755,0.795,8.150706498621929e-11,2.970147287568569e-15,2.420879879864943e-25,0.0,0.0
0.875,0.915,6.544812691799962e-09,1.2002445308873508e-23,7.855375639015024e-32,0.0,0.0
0.045,0.085,1.6134076058748153e-21,2.193708607237284e-14,3.5393461519896824e-35,0.0,0.0
0.005,0.045,4.407799127447845e-30,1.6134076058748153e-21,7.111576637392728e-51,0.0,0.0
