xmin,xmax,xmin_score,xmax_score,score,match_iou,match_ioa
0.155,0.195,0.998080849647522,1.0,0.998080849647522,0.7777777777777777,0.8749999999999999
0.195,0.23500000000000001,1.0,3.6330273099800796e-14,3.6330273099800796e-14,0.0,0.0
