xmin,xmax,xmin_score,xmax_score,score,match_iou,match_ioa
0.885,0.925,1.0,0.9999955892562866,0.9999955892562866,0.7777777777777778,0.875
0.595,0.635,0.999775230884552,1.0,0.999775230884552,0.5555555555555556,0.625
0.845,0.885,3.5596131056081504e-05,1.0,3.5596131056081504e-05,0.06666666666666667,0.125
0.755,0.795,0.20385180413722992,2.4773738616090672e-09,5.050171312114245e-10,0.0,0.0
0.425,0.465,1.0,9.673088729073324e-16,9.673088729073324e-16,0.0,0.0
0.635,0.675,1.0,1.287751178750357e-26,1.287751178750357e-26,0.0,0.0
