xmin,xmax,xmin_score,xmax_score,score,match_iou,match_ioa
0.645,0.685,1.0,0.9999990463256836,0.9999990463256836,0.7777777777777778,0.875
0.595,0.635,0.038482479751110084,1.0,0.038482479751110084,0.7777777777777778,0.875
0.23500000000000001,0.275,5.542500920024952e-12,1.535725158152701e-10,8.51175810196681e-22,0.0,0.0
0.305,0.34500000000000003,2.529472301265585e-19,0.0018555251881480215,4.693499567721033e-22,0.0,0.0
0.915,0.9550000000000001,3.837135904155575e-12,4.721529157231119e-13,1.811714905172894e-24,0.0,0.0
0.095,0.135,1.4788696882741017e-21,1.136136962287537e-08,1.680198515254855e-29,0.23076923076923075,0.3749999999999999
