xmin,xmax,xmin_score,xmax_score,score,match_iou,match_ioa
0.245,0.28500000000000003,0.9999991655349731,1.0,0.9999991655349731,0.7777777777777778,0.875
0.10500000000000001,0.14500000000000002,1.4741817792526812e-12,7.986057426023763e-06,1.1772900345509798e-17,0.0,0.0
0.715,0.755,4.0253514299593014e-08,2.872873127242101e-18,1.1564323950835642e-25,0.0,0.0
0.635,0.675,5.199940768908307e-15,9.388276614452627e-12,4.881848231728067e-26,0.0,0.0
0.065,0.10500000000000001,1.4870134559638276e-24,1.4741817792526812e-12,2.1921281422854338e-36,0.0,0.0
