xmin,xmax,xmin_score,xmax_score,score,match_iou,match_ioa
0.335,0.385,1.0,1.0,1.0,0.818181818181818,0.8999999999999999
0.295,0.335,1.02106145760672e-09,1.0,1.02106145760672e-09,0.05882352941176475,0.125
0.135,0.185,0.0001673237857175991,7.737803453533587e-11,1.2947185669839522e-14,0.0,0.0
0.655,0.6950000000000001,1.8257810818766984e-09,1.674758387526509e-10,3.0577421806602246e-19,0.0,0.0
0.845,0.885,0.00027344244881533086,2.7014148455287737e-20,7.386814906274766e-24,0.0,0.0
0.245,0.295,1.0487948188617354e-15,1.02106145760672e-09,1.0708839664773395e-24,0.0,0.0
0.005,0.045,2.1377935531082546e-28,1.908530222749505e-08,4.080043606106153e-36,0.0,0.0
