xmin,xmax,xmin_score,xmax_score,score,match_iou,match_ioa
0.025,0.065,1.1063112213339443e-17,4.32441539174877e-12,4.784149273600888e-29,0.23076923076923075,0.375
0.005,0.045,0.0,1.0,0.0,0.7777777777777779,0.8750000000000001
