xmin,xmax,xmin_score,xmax_score,score,match_iou,match_ioa
0.885,0.925,1.0,1.0,1.0,0.7777777777777778,0.875
0.155,0.195,0.999963402748108,0.011200441978871822,0.01120003207347542,0.7777777777777777,0.8749999999999999
0.735,0.775,1.0,1.7645268926558266e-11,1.7645268926558266e-11,0.0,0.0
0.225,0.265,1.2629016055143438e-07,4.983495455235243e-05,6.293664411490024e-12,0.0,0.0
0.845,0.885,8.558348901256933e-16,1.0,8.558348901256933e-16,0.06666666666666667,0.125
0.595,0.635,3.240322471769794e-18,4.680309757532086e-07,1.5165712882174656e-24,0.0,0.0
0.315,0.35500000000000004,2.6639356952989912e-12,8.386803553614255e-15,2.2341905355933443e-26,0.0,0.0
