xmin,xmax,xmin_score,xmax_score,score,match_iou,match_ioa
0.505,0.545,0.9999653100967408,1.0,0.9999653100967408,0.7777777777777778,0.875
0.885,0.925,2.2600120885840624e-08,5.50106564033842e-13,1.2432474847259254e-20,0.0,0.0
0.015,0.055,1.0,1.404969956938965e-29,1.404969956938965e-29,0.0,0.0
0.295,0.335,6.357914458880812e-22,2.303694778341137e-12,1.4646694340063343e-33,0.0,0.0
0.315,0.35500000000000004,1.4134509932606106e-24,1.538266889355381e-15,2.174264862659273e-39,0.0,0.0
0.665,0.7050000000000001,6.642396176425908e-26,4.723361492783938e-15,3.13744383195454e-40,0.0,0.0
