xmin,xmax,xmin_score,xmax_score,score,match_iou,match_ioa
0.915,0.9550000000000001,0.7911468148231506,0.00020275446877349168,0.0001604085521613079,0.8000000000000018,1.0
0.745,0.785,1.0,4.231680941302329e-05,4.231680941302329e-05,0.0,0.0
0.785,0.8250000000000001,4.231680941302329e-05,1.0894307157782725e-11,4.610123196828271e-16,0.0,0.0
0.665,0.7050000000000001,2.4002287923050383e-16,0.9171926379203796,2.201472177626705e-16,0.06666666666666825,0.12500000000000278
0.535,0.5750000000000001,1.4297582215383464e-12,7.177118277468253e-06,1.026154386416337e-17,0.0,0.0
0.495,0.535,1.3313396038938663e-06,1.4297582215383464e-12,1.903493744326861e-18,0.0,0.0
0.165,0.20500000000000002,5.287964944394874e-12,5.3796172093281526e-15,2.844722721719065e-26,0.0,0.0
0.425,0.465,2.697127425636399e-23,3.4557995354234095e-10,9.320731704492003e-33,0.0,0.0
