xmin,xmax,xmin_score,xmax_score,score,match_iou,match_ioa
0.425,0.465,1.0,1.0,1.0,0.7777777777777778,0.875
0.375,0.41500000000000004,6.935625576458271e-13,1.0,6.935625576458271e-13,0.0,0.0
0.665,0.7050000000000001,7.545513693030248e-13,1.1686837808611016e-07,8.818319471309803e-20,0.0,0.0
0.895,0.935,1.5729798877206383e-16,0.00017476631910540164,2.749039050037639e-20,0.0,0.0
0.755,0.795,1.1768253472405066e-12,1.7913136252101225e-10,2.108063279004553e-22,0.0,0.0
0.595,0.635,4.789131483555865e-15,1.8590970505671242e-14,8.903460215856865e-29,0.0,0.0
