xmin,xmax,xmin_score,xmax_score,score,match_iou,match_ioa
0.215,0.255,1.0,1.0,1.0,0.7777777777777777,0.8749999999999999
0.675,0.725,1.4038209483757671e-10,5.173039330230722e-09,7.262020978549635e-19,0.33333333333333237,0.4999999999999989
0.545,0.595,2.889834376366995e-15,0.0001647217432036996,4.760185560451475e-19,0.0,0.0
0.165,0.20500000000000002,1.08384845583841e-20,1.0,1.08384845583841e-20,0.0,0.0
0.865,0.905,3.659558073243474e-11,1.3313887319010842e-11,4.872294382454004e-22,0.0,0.0
0.435,0.47500000000000003,4.857518488497455e-16,8.038716555080183e-17,3.9048214290092556e-32,0.0,0.0
0.125,0.165,7.99864964674379e-16,1.08384845583841e-20,8.6693240684157e-36,0.0,0.0
