xmin,xmax,xmin_score,xmax_score,score,match_iou,match_ioa
0.605,0.645,1.0,1.0,1.0,0.7777777777777778,0.875
0.435,0.47500000000000003,0.002810837468132377,4.14687000016567e-11,1.1656177571939783e-13,0.0,0.0
0.895,0.935,2.6645772394084947e-11,1.5019485317679937e-06,4.0020578725120025e-17,0.0,0.0
0.295,0.335,6.725842756002964e-13,1.3506293726095466e-05,9.084120781810748e-18,0.0,0.0
0.515,0.555,2.3999444653810546e-09,2.0818369001352616e-13,4.996292946305672e-22,0.0,0.0
0.23500000000000001,0.275,8.026114872038245e-19,3.177126563969068e-05,2.5499982765419907e-23,0.0,0.0
0.645,0.685,1.0,5.372749913970057e-29,5.372749913970057e-29,0.0,0.0
0.795,0.8350000000000001,1.2213766740761048e-36,1.9765299677599627e-23,2.4140875982344137e-59,0.0,0.0
