xmin,xmax,xmin_score,xmax_score,score,match_iou,match_ioa
0.525,0.5650000000000001,1.0,1.0,1.0,0.7777777777777778,0.875
0.595,0.635,0.0989341288805008,1.5764842828502882e-05,1.5596809921759429e-06,0.0,0.0
0.015,0.055,7.114656086493197e-10,1.7343326774721394e-08,1.23391805397812e-17,0.0,0.0
0.635,0.675,1.5764842828502882e-05,5.465177137259024e-19,8.615765859881584e-24,0.0,0.0
0.305,0.34500000000000003,4.6138996623312785e-08,9.811434089378211e-26,4.526897243196772e-33,0.0,0.0
