xmin,xmax,xmin_score,xmax_score,score,match_iou,match_ioa
0.585,0.625,1.0,1.0,1.0,0.7777777777777778,0.875
0.065,0.10500000000000001,7.446189775883738e-10,1.0,7.446189775883738e-10,0.0,0.0
0.305,0.34500000000000003,2.3807052122664187e-16,1.0,2.3807052122664187e-16,0.06666666666666672,0.125
0.655,0.6950000000000001,9.734338335398718e-11,3.524359613038541e-07,3.430730888893206e-17,0.0,0.0
0.225,0.265,3.742918598823314e-31,1.8237343510918442e-06,6.826089222014632e-37,0.0,0.0
0.185,0.225,1.574158961818381e-13,3.742918598823314e-31,5.891948855694417e-44,0.0,0.0
