xmin,xmax,xmin_score,xmax_score,score,match_iou,match_ioa
0.775,0.8150000000000001,1.0,1.0,1.0,0.7777777777777778,0.875
0.595,0.635,0.9666060209274292,0.9999976158142091,0.9666037163590887,0.7777777777777778,0.875
0.735,0.775,2.3689366024370888e-09,1.0,2.3689366024370888e-09,0.06666666666666667,0.125
0.655,0.6950000000000001,2.6241121986458893e-07,5.4783077380049505e-11,1.437569416323496e-17,0.0,0.0
0.495,0.535,3.758967181966e-07,1.3809091673963603e-12,5.190792241518911e-19,0.0,0.0
0.245,0.28500000000000003,1.0255145682927042e-16,3.363442738191225e-05,3.449259527633405e-21,0.0,0.0
0.885,0.925,2.941650465479864e-17,8.479231357650752e-21,2.4942934870144793e-37,0.0,0.0
0.005,0.045,1.9520029601014508e-33,3.5501261652637346e-11,6.929856783328422e-44,0.0,0.0
