xmin,xmax,xmin_score,xmax_score,score,match_iou,match_ioa
0.23500000000000001,0.275,5.903523742745166e-06,1.1239976061006018e-08,6.635546554403632e-14,0.0,0.0
0.635,0.675,4.719017621113153e-09,2.532944165523077e-07,1.1953008150399151e-15,0.0,0.0
0.305,0.34500000000000003,1.8450005256909205e-07,2.0059466587785124e-10,3.700972639954301e-17,0.0,0.0
0.735,0.775,2.6515376699842715e-11,1.5187698321206256e-10,4.0270754219035265e-21,0.0,0.0
0.595,0.635,2.8592436035999874e-13,4.719017621113153e-09,1.349282094844341e-21,0.0,0.0
0.865,0.905,6.918155245179604e-18,1.2170389140919724e-07,8.419664147113068e-25,0.0,0.0
0.025,0.065,2.485935830766487e-21,4.0596012240712293e-07,1.0091908141542159e-27,0.0,0.0
