xmin,xmax,xmin_score,xmax_score,score,match_iou,match_ioa
0.775,0.8150000000000001,1.0,1.0,1.0,0.7777777777777778,0.875
0.525,0.5650000000000001,1.0195710729021812e-06,1.2541076443994825e-07,1.2786518765352075e-13,0.0,0.0
0.215,0.255,4.545725639437323e-14,1.5444462375668875e-09,7.020628860840307e-23,0.0,0.0
0.435,0.47500000000000003,3.4355512908808675e-21,7.425811418215744e-06,2.5511756003688985e-26,0.0,0.0
0.315,0.35500000000000004,1.3029054952702572e-19,1.7324774427562857e-12,2.257254380598927e-31,0.0,0.0
