xmin,xmax,xmin_score,xmax_score,score,match_iou,match_ioa
0.425,0.465,1.0,0.9999451637268066,0.9999451637268066,0.7777777777777778,0.875
0.905,0.9450000000000001,1.0,1.7421829312525006e-08,1.7421829312525006e-08,0.0,0.0
0.865,0.905,1.5050021992535356e-11,1.0,1.5050021992535356e-11,0.0,0.0
0.635,0.675,4.485664462094974e-08,1.1403375310692354e-06,5.115171537910392e-14,0.0,0.0
0.615,0.655,9.212412237502576e-07,9.219766616830326e-10,8.493629080780542e-16,0.0,0.0
0.745,0.785,4.708728962299347e-10,1.5110751538927047e-10,7.115243341345521e-20,0.0,0.0
0.505,0.545,2.8529591133974463e-08,7.027385943124409e-13,2.004884476979789e-20,0.0,0.0
0.015,0.055,5.184079145234729e-14,2.339789603386655e-12,1.2129654487153796e-25,0.0,0.0
0.245,0.28500000000000003,1.2090304767135547e-16,6.317001782774057e-11,7.637447676827693e-27,0.0,0.0
