xmin,xmax,xmin_score,xmax_score,score,match_iou,match_ioa
0.625,0.665,2.905507926698192e-06,0.00029147695749998087,8.468886104660664e-10,0.0,0.0
0.775,0.8150000000000001,0.00027378910453990096,2.351205239392584e-06,6.437343770828191e-10,0.0,0.0
0.735,0.775,1.9519409022450413e-07,0.00027378910453990096,5.344201517404762e-11,0.0,0.0
0.845,0.885,1.0,1.1568523577780952e-14,1.1568523577780952e-14,0.0,0.0
0.315,0.35500000000000004,6.392936170776509e-16,1.0,6.392936170776509e-16,0.06666666666666746,0.1250000000000014
0.585,0.625,1.8745354227189814e-11,2.905507926698192e-06,5.446477529586547e-17,0.0,0.0
0.215,0.255,4.3381627619965e-05,2.875530759685607e-13,1.2474520462643608e-17,0.0,0.0
0.155,0.195,1.8114015570434767e-15,1.0101286473940265e-09,1.8297486047037606e-24,0.0,0.0
0.915,0.9550000000000001,7.484063254419825e-29,2.7147583119246172e-30,2.031742292690582e-58,0.0,0.0
