xmin,xmax,xmin_score,xmax_score,score,match_iou,match_ioa
0.915,0.965,1.0,0.9999841451644896,0.9999841451644896,0.6363636363636356,0.6999999999999993
0.915,0.9550000000000001,1.0,0.9946547746658324,0.9946547746658324,0.7777777777777753,0.8749999999999972
0.034999999999999996,0.07500000000000001,1.0689523151086178e-05,2.8121863238084193e-07,3.0060930813518027e-12,0.0,0.0
0.495,0.535,1.2664993676025915e-07,6.453506529169317e-08,8.173361938012136e-15,0.0,0.0
0.095,0.135,1.1295622215357072e-07,3.119600758272334e-11,3.523783162818575e-18,0.0,0.0
0.515,0.555,1.3289232046612488e-14,5.954050266154809e-07,7.91247556041261e-21,0.0,0.0
0.595,0.635,2.3335880450225943e-10,7.692548880265031e-16,1.795124010273842e-25,0.0,0.0
