xmin,xmax,xmin_score,xmax_score,score,match_iou,match_ioa
0.645,0.685,1.0,0.999922513961792,0.999922513961792,0.7777777777777778,0.875
0.535,0.5750000000000001,5.85135653919191e-16,1.2062505660992429e-08,7.058202137848748e-24,0.0,0.0
0.755,0.795,1.432386499933883e-20,2.245365635644703e-07,3.2162314239129347e-27,0.0,0.0
0.425,0.465,4.323946494637961e-15,2.1450967087680015e-13,9.275283394536827e-28,0.0,0.0
0.715,0.755,6.881390568480582e-09,1.432386499933883e-20,9.856810951063936e-29,0.0,0.0
