xmin,xmax,xmin_score,xmax_score,score,match_iou,match_ioa
0.625,0.665,1.0,0.9997038245201112,0.9997038245201112,0.7777777777777778,0.875
0.485,0.525,1.0,1.643586188038171e-06,1.643586188038171e-06,0.0,0.0
0.225,0.265,1.013133262180166e-12,7.129867529709344e-11,7.223505949286869e-23,0.0,0.0
0.185,0.225,1.702590741968977e-21,1.013133262180166e-12,1.724951312568779e-33,0.0,0.0
0.755,0.795,2.7041477755495746e-27,3.009044251293513e-32,8.13690031866559e-59,0.0,0.0
