xmin,xmax,xmin_score,xmax_score,score,match_iou,match_ioa
0.485,0.525,1.0,1.0,1.0,0.7777777777777778,0.875
0.135,0.17500000000000002,5.383726966101676e-05,1.986286840300472e-13,1.0693626024538546e-17,0.0,0.0
0.755,0.795,3.543020321572499e-09,1.8257534373233848e-09,6.4686815306175944e-18,0.0,0.0
0.605,0.645,5.780049718850933e-07,1.2103135334229354e-12,6.995672398582716e-19,0.0,0.0
0.795,0.8350000000000001,1.8257534373233848e-09,4.7467262759282036e-11,8.666351814309147e-20,0.0,0.0
0.295,0.335,2.6199076342083884e-14,1.081129075153342e-09,2.832458317558895e-23,0.0,0.0
0.715,0.755,3.7009795964373145e-15,3.543020321572499e-09,1.3112645919902592e-23,0.0,0.0
0.225,0.265,1.4206956457820507e-15,3.349156692914928e-17,4.75813233066605e-32,0.0,0.0
