xmin,xmax,xmin_score,xmax_score,score,match_iou,match_ioa
0.655,0.6950000000000001,5.023398797626699e-12,1.0,5.023398797626699e-12,0.06666666666666825,0.12500000000000278
0.315,0.35500000000000004,0.00015807210002094507,6.613934478253443e-16,1.0454785123784555e-19,0.0,0.0
0.065,0.10500000000000001,2.3914875413311162e-08,1.83224659403014e-12,4.3817949022694506e-20,0.0,0.0
0.125,0.165,2.347639660796319e-12,1.1824514978275855e-10,2.7759700332680523e-22,0.0,0.0
0.10500000000000001,0.14500000000000002,1.83224659403014e-12,1.4891754496204612e-10,2.7285366454803923e-22,0.0,0.0
0.505,0.545,4.555861937705074e-11,6.834414761555663e-14,3.1136650078661144e-24,0.0,0.0
0.765,0.805,2.7314912321870028e-24,1.6906514480363464e-19,4.61799960699554e-43,0.0,0.0
