xmin,xmax,xmin_score,xmax_score,score,match_iou,match_ioa
0.535,0.5750000000000001,1.0,1.0,1.0,0.7777777777777753,0.8749999999999972
0.625,0.665,7.700550668232609e-06,2.923515967268031e-05,2.2512682835334538e-10,0.0,0.0
0.715,0.755,0.00191617279779166,1.883810618608095e-08,3.6097066635679114e-11,0.0,0.0
0.485,0.525,2.1721025585813572e-13,1.0,2.1721025585813572e-13,0.0,0.0
0.155,0.195,6.313258428406258e-14,6.76167834830904e-13,4.2688222822634155e-26,0.0,0.0
0.005,0.045,1.7000400507915762e-36,2.154474598725642e-09,3.662693106246701e-45,0.0,0.0
