xmin,xmax,xmin_score,xmax_score,score,match_iou,match_ioa
0.605,0.645,1.0,1.0,1.0,0.5555555555555556,0.625
0.025,0.065,0.9999912977218628,1.0,0.9999912977218628,0.7777777777777777,0.8749999999999999
0.295,0.335,1.0,1.5202571731869063e-13,1.5202571731869063e-13,0.0,0.0
0.005,0.045,1.0,4.0998408831899695e-18,4.0998408831899695e-18,0.4545454545454546,0.6249999999999999
0.215,0.255,4.051962002049479e-21,1.0,4.051962002049479e-21,0.06666666666666676,0.12500000000000008
0.645,0.685,1.0,6.004216000045345e-29,6.004216000045345e-29,0.0,0.0
0.845,0.885,2.960762215806364e-23,1.726667697710127e-09,5.112252478633509e-32,0.23076923076923078,0.375
0.155,0.195,7.72665954980524e-32,3.37853714014644e-20,2.6104806258284175e-51,0.0,0.0
0.135,0.17500000000000002,8.204617316091108e-32,5.6573279932758815e-31,4.641621121643825e-62,0.0,0.0
