xmin,xmax,xmin_score,xmax_score,score,match_iou,match_ioa
0.005,0.045,1.7792518901946814e-26,1.0,1.7792518901946814e-26,0.06666666666666662,0.12499999999999993
