xmin,xmax,xmin_score,xmax_score,score,match_iou,match_ioa
0.505,0.545,1.0,1.0,1.0,0.7777777777777778,0.875
0.645,0.685,0.9959214925765992,0.9999854564666748,0.9959070083591827,0.7777777777777778,0.875
0.365,0.405,1.0,7.078745922761698e-10,7.078745922761698e-10,0.0,0.0
0.785,0.8250000000000001,1.4715550826494008e-12,3.974942686113536e-08,5.849347112990436e-20,0.0,0.0
0.915,0.9550000000000001,2.814912406358221e-15,2.2536029931075063e-08,6.34369502430434e-23,0.0,0.0
0.875,0.915,2.8169912583142495e-11,2.814912406358221e-15,7.929583641631437e-26,0.0,0.0
0.525,0.5650000000000001,2.339750960583953e-37,0.006001717876642942,1.4042525167029206e-39,0.23076923076923078,0.375
